tourney_id,tourney_name,surface,draw_size,tourney_level,indoor,tourney_date,match_num,winner_id,winner_seed,winner_entry,winner_name,winner_hand,winner_ht,winner_ioc,winner_age,winner_rank,winner_rank_points,loser_id,loser_seed,loser_entry,loser_name,loser_hand,loser_ht,loser_ioc,loser_age,loser_rank,loser_rank_points,score,best_of,round,minutes,w_ace,w_df,w_svpt,w_1stIn,w_1stWon,w_2ndWon,w_SvGms,w_bpSaved,w_bpFaced,l_ace,l_df,l_svpt,l_1stIn,l_1stWon,l_2ndWon,l_SvGms,l_bpSaved,l_bpFaced
2026-560,US Open,Hard,128,G,0,20260901,1,Z355,1,,Alexander Zverev,R,198,GER,29.366,2,7790,SU87,,,Lorenzo Sonego,R,191,ITA,31.310,89,698,6-4 3-6 6-7(7) 7-5 6-4,5,R128,293,12,8,155,102,79,29,26,2,5,16,4,189,124,91,31,27,17,22
2026-560,US Open,Hard,128,G,0,20260831,2,HB64,,,Quentin Halys,R,191,FRA,29.845,52,1030,D0CG,,,Facundo Diaz Acosta,L,183,ARG,25.708,82,732,6-4 7-5 6-7(7) 6-1,5,R128,191,18,9,138,82,67,27,21,5,7,12,7,126,93,62,14,20,6,12
2026-560,US Open,Hard,128,G,0,20260831,3,P09Z,,,Alexei Popyrin,R,196,AUS,27.072,130,458,D875,,Q,Grigor Dimitrov,R,191,BUL,35.294,137,432,3-6 6-3 6-2 6-4,5,R128,153,11,2,104,68,50,18,18,5,8,9,14,109,57,43,21,18,2,8
2026-560,US Open,Hard,128,G,0,20260831,4,TE30,25,,Alejandro Tabilo,L,188,CHI,29.246,28,1688,H997,,,Yannick Hanfmann,R,193,GER,34.798,54,991,6-3 6-2 6-7(7) 6-3,5,R128,156,9,4,114,71,60,24,20,4,5,13,6,105,59,45,20,18,5,10
2026-560,US Open,Hard,128,G,0,20260831,5,D0FJ,21,,Luciano Darderi,R,183,ITA,24.542,22,2175,W0AH,,Q,Harry Wendelken,R,178,GBR,24.701,196,285,6-2 3-6 6-2 7-5,5,R128,229,15,5,150,85,55,35,19,13,17,10,7,127,61,39,31,18,13,20
2026-560,US Open,Hard,128,G,0,20260831,6,S0GD,,Q,Dalibor Svrcina,R,178,CZE,23.912,134,445,R0EB,,,Valentin Royer,R,188,FRA,25.257,75,778,6-4 6-3 5-7 5-7 6-2,5,R128,243,8,15,143,77,56,35,25,10,17,11,4,158,91,61,26,26,8,18
2026-560,US Open,Hard,128,G,0,20260901,7,S0IA,,WC,Dane Sweeny,R,170,AUS,25.550,123,506,MW02,,,Corentin Moutet,L,180,FRA,27.370,62,935,7-6(4) 6-4 3-0,5,R128,155,1,6,91,60,37,17,12,8,11,5,8,95,49,32,17,13,10,16
2026-560,US Open,Hard,128,G,0,20260901,8,M0EJ,13,,Lorenzo Musetti,R,185,ITA,24.498,14,2605,F0DM,,,Arthur Fery,R,175,GBR,24.140,33,1415,6-3 6-3 7-5,5,R128,129,7,4,79,48,37,21,15,4,6,0,5,89,47,29,20,15,3,9
2026-560,US Open,Hard,128,G,0,20260902,9,Y09V,,LL,Yunchaokete Bu,R,185,CHN,24.619,124,496,J0DZ,12,,Rafael Jodar,R,191,ESP,19.959,13,2671,6-2 6-1 6-1,5,R128,108,2,3,61,38,32,14,11,0,0,2,3,79,41,24,12,11,9,16
2026-560,US Open,Hard,128,G,0,20260902,10,Z0BZ,,WC,Michael Zheng,R,188,USA,22.598,107,590,M0CI,,,Fabian Marozsan,R,193,HUN,26.902,63,930,6-4 6-4 6-2,5,R128,111,9,2,83,39,36,22,14,5,6,3,3,87,50,31,19,14,3,8
2026-560,US Open,Hard,128,G,0,20260902,11,S0K7,,,Zachary Svajda,R,175,USA,23.759,80,759,AE14,,,Daniel Altmaier,R,188,GER,27.973,57,964,6-3 6-1 6-7(5) 6-2,5,R128,172,9,3,112,57,45,36,18,4,4,16,12,126,80,56,17,18,7,13
2026-560,US Open,Hard,128,G,0,20260901,12,G0IX,,LL,Arthur Gea,R,180,FRA,21.662,87,709,C0C8,,,Juan Manuel Cerundolo,L,183,ARG,24.794,45,1076,6-3 2-6 3-6 6-3 6-1,5,R128,186,7,8,134,79,61,22,21,9,14,5,8,123,61,41,33,21,5,12
2026-560,US Open,Hard,128,G,0,20260902,13,BU13,31,,Zizou Bergs,R,185,BEL,27.250,37,1345,TE16,,,Carlos Taberner,R,183,ESP,29.068,406,121,6-3 3-6 6-2 6-2,5,R128,171,11,8,100,51,42,27,17,5,7,0,6,97,55,33,22,17,1,7
2026-560,US Open,Hard,128,G,0,20260902,14,D0C1,,,Jesper de Jong,R,180,NED,26.256,100,628,P0CT,,Q,Francesco Passaro,R,180,ITA,25.651,207,270,2-6 6-2 4-6 6-3 6-2,5,R128,231,14,15,136,65,53,32,22,7,12,8,7,146,85,58,24,21,12,19
2026-560,US Open,Hard,128,G,0,20260902,15,V812,,,Botic van de Zandschulp,R,191,NED,30.913,70,868,CH12,,,Jan Choinski,R,196,GBR,30.229,76,773,6-3 6-1 7-6(5),5,R128,119,16,6,87,58,51,14,14,2,2,8,2,88,53,37,16,14,4,8
2026-560,US Open,Hard,128,G,0,20260902,16,DH58,6,,Alex de Minaur,R,183,AUS,27.540,7,3650,G0A0,,Q,Andrea Guerrieri,L,180,ITA,27.748,187,301,6-2 6-2 6-4,5,R128,99,5,5,70,34,28,20,13,0,1,2,2,76,48,32,10,13,6,12
2026-560,US Open,Hard,128,G,0,20260831,17,AG37,3,,Felix Auger-Aliassime,R,193,CAN,26.062,4,4640,H0BH,,,Rinky Hijikata,R,178,AUS,25.517,85,724,7-5 4-6 6-3 7-5,5,R128,199,17,11,131,86,68,19,22,4,8,5,7,125,69,51,25,21,7,13
2026-560,US Open,Hard,128,G,0,20260831,18,KE29,,,Karen Khachanov,R,198,RUS,30.278,50,1050,B0FV,,,Roman Andres Burruchaga,R,183,ARG,24.602,59,960,6-3 6-0 6-1,5,R128,95,4,2,63,32,27,19,11,0,0,0,3,70,43,24,7,11,0,7
2026-560,US Open,Hard,128,G,0,20260902,19,BM95,,,Benjamin Bonzi,R,183,FRA,30.231,97,656,MV14,,,Alex Molcan,L,178,SVK,28.753,86,710,6-4 3-6 6-3 6-2,5,R128,143,14,3,86,50,44,19,18,2,5,3,3,114,65,40,27,18,6,12
2026-560,US Open,Hard,128,G,0,20260902,20,B0ID,32,,Ignacio Buse,R,183,PER,22.439,30,1550,GC88,,,Marcos Giron,R,180,USA,33.109,78,765,3-6 6-3 6-3 6-7(6) 6-1,5,R128,228,10,5,151,91,69,26,22,5,10,5,6,161,108,68,20,24,13,23
2026-560,US Open,Hard,128,G,0,20260831,21,M0NI,17,,Jakub Mensik,R,196,CZE,20.997,18,2445,M0HU,,LL,Shintaro Mochizuki,R,175,JPN,23.247,117,532,6-1 6-4 7-5,5,R128,123,18,6,95,58,43,16,15,1,4,1,8,80,34,19,19,14,4,11
2026-560,US Open,Hard,128,G,0,20260831,22,R09X,,Q,Jurij Rodionov,L,191,AUT,27.294,143,395,M0GZ,,,Giovanni Mpetshi Perricard,R,201,FRA,23.149,105,600,7-6(2) 6-0 7-6(4),5,R128,130,8,0,98,62,50,22,15,3,3,10,7,105,64,49,16,15,6,9
2026-560,US Open,Hard,128,G,0,20260901,23,MC65,,WC,Gael Monfils,R,193,FRA,40.000,311,180,V0DP,,,Adolfo Daniel Vallejo,R,185,PAR,22.344,60,954,2-6 6-1 6-2 6-0,5,R128,142,5,2,91,52,41,21,15,4,6,3,5,105,68,39,14,14,12,19
2026-560,US Open,Hard,128,G,0,20260831,24,T0HA,14,,Learner Tien,L,180,USA,20.745,15,2565,BT72,,,Nuno Borges,R,185,POR,29.528,41,1135,6-4 6-1 6-2,5,R128,100,1,0,72,41,31,20,13,1,2,1,5,75,41,24,14,12,10,16
2026-560,US Open,Hard,128,G,0,20260901,25,FB98,9,,Taylor Fritz,R,196,USA,28.843,10,3475,B0NO,,WC,Darwin Blanch,L,193,USA,18.927,245,232,6-3 6-2 6-4,5,R128,100,14,1,73,54,49,8,14,2,2,1,9,90,39,26,26,13,12,16
2026-560,US Open,Hard,128,G,0,20260901,26,B0GG,,,Mattia Bellucci,L,175,ITA,25.251,95,659,P09O,,Q,Zsombor Piros,R,180,HUN,26.886,118,530,6-4 6-2 6-0,5,R128,118,14,5,71,47,42,10,12,4,4,7,7,90,42,24,20,12,9,15
2026-560,US Open,Hard,128,G,0,20260901,27,SL28,,,Jan-Lennard Struff,R,193,GER,36.353,44,1089,U182,,,Camilo Ugo Carabelli,R,185,ARG,27.209,77,770,6-4 6-3 6-3,5,R128,119,15,3,77,34,30,26,14,2,3,7,13,92,40,31,21,14,2,7
2026-560,US Open,Hard,128,G,0,20260901,28,C0AU,24,,Francisco Cerundolo,R,185,ARG,28.052,25,1980,M0JZ,,,Filip Misolic,R,180,AUT,25.065,537,80,6-4 6-3 7-5,5,R128,144,6,10,88,45,33,22,15,8,12,1,9,104,44,28,24,16,6,14
2026-560,US Open,Hard,128,G,0,20260831,29,B0PG,28,,Alexander Blockx,R,193,BEL,21.396,34,1396,BS86,,Q,Tomas Barrios Vera,R,191,CHI,28.723,144,395,6-3 6-4 6-2,5,R128,111,10,3,80,48,40,20,14,5,5,3,3,83,55,36,16,13,4,8
2026-560,US Open,Hard,128,G,0,20260831,30,TA29,,,Marco Trungelliti,R,178,ARG,36.580,83,731,S0RE,,,Juncheng Shang,L,180,CHN,21.574,228,245,0-6 7-6(5) 1-6 6-3 6-4,5,R128,207,10,5,139,73,44,37,22,12,19,11,6,132,68,51,32,22,3,7
2026-560,US Open,Hard,128,G,0,20260901,31,S0N0,,Q,Tristan Schoolkate,R,183,AUS,25.511,180,313,B0NN,,Q,Nishesh Basavareddy,R,180,USA,21.333,163,348,7-6(4) 3-6 6-3 6-4,5,R128,183,25,4,127,78,66,24,20,3,4,16,7,113,67,55,27,20,6,8
2026-560,US Open,Hard,128,G,0,20260901,32,C0E9,5,,Flavio Cobolli,R,183,ITA,24.323,6,3720,C0DF,,,Francisco Comesana,R,178,ARG,25.903,119,516,3-6 2-6 6-3 6-4 6-4,5,R128,253,7,5,162,88,59,37,23,13,19,12,7,155,89,58,37,23,12,18
2026-560,US Open,Hard,128,G,0,20260830,33,MM58,7,,Daniil Medvedev,R,198,RUS,30.549,8,3580,G09O,,Q,Hugo Gaston,L,173,FRA,25.925,91,697,6-4 6-2 6-4,5,R128,137,10,3,79,46,38,20,14,1,1,0,5,107,61,39,22,14,4,8
2026-560,US Open,Hard,128,G,0,20260831,34,G0JJ,,WC,Sebastian Gorzny,R,193,USA,22.601,731,43,C0JP,,,Raphael Collignon,R,191,BEL,24.630,38,1207,3-6 6-3 3-6 6-3 7-6(9),5,R128,238,12,6,177,112,75,32,24,17,22,13,17,157,93,66,32,24,8,13
2026-560,US Open,Hard,128,G,0,20260830,35,MU94,,,Jaume Munar,R,183,ESP,29.320,55,990,A0GC,,,Terence Atmane,L,193,FRA,24.638,92,687,6-7(5) 3-6 6-1 7-6(4) 7-5,5,R128,294,12,4,156,88,67,40,26,2,6,7,10,185,118,83,30,26,8,14
2026-560,US Open,Hard,128,G,0,20260830,36,RC91,26,,Arthur Rinderknech,R,196,FRA,31.105,29,1683,SY67,,,Sho Shimabukuro,R,183,JPN,29.084,88,705,6-7(4) 6-2 7-6(4) 6-2,5,R128,181,15,3,115,67,54,33,20,1,2,11,9,138,78,56,28,20,8,13
2026-560,US Open,Hard,128,G,0,20260831,37,VA25,22,,Valentin Vacherot,R,193,MON,27.789,23,2168,K0AZ,,,Aleksandar Kovacevic,R,183,USA,28.005,84,730,6-2 6-3 7-5,5,R128,114,14,3,76,41,37,23,15,0,0,8,6,89,40,31,22,14,7,11
2026-560,US Open,Hard,128,G,0,20260830,38,MQ75,,,Kamil Majchrzak,R,183,POL,30.628,73,827,M0JF,,,Hamad Medjedovic,R,188,SRB,23.118,79,764,6-3 6-3 6-3,5,R128,101,13,4,74,49,41,17,14,2,2,7,6,85,50,34,16,13,6,10
2026-560,US Open,Hard,128,G,0,20260831,39,S0UV,,Q,Rei Sakamoto,R,193,JPN,20.186,157,357,V832,,,Aleksandar Vukic,R,188,AUS,30.401,96,659,6-4 6-7(5) 6-4 3-6 6-4,5,R128,199,38,3,149,105,83,25,26,0,2,22,5,147,85,71,30,25,5,8
2026-560,US Open,Hard,128,G,0,20260831,40,TD51,11,,Frances Tiafoe,R,188,USA,28.611,12,2680,D0DT,,,Martin Damm,L,203,USA,22.919,90,697,6-4 4-6 3-6 6-3 6-4,5,R128,228,12,6,156,85,64,39,24,4,6,28,11,157,89,73,30,24,6,9
2026-560,US Open,Hard,128,G,0,20260831,41,N0AE,16,,Brandon Nakashima,R,188,USA,25.076,17,2485,B0BI,,,Sebastian Baez,R,170,ARG,25.673,51,1044,6-2 6-1 6-0,5,R128,90,12,0,64,43,37,11,11,3,3,0,4,62,33,14,12,10,4,11
2026-560,US Open,Hard,128,G,0,20260831,42,M0QI,,,Alex Michelsen,R,193,USA,22.015,46,1070,C0NB,,Q,Federico Cina,R,185,ITA,19.422,181,312,6-4 6-1 6-0,5,R128,120,6,8,89,48,39,20,12,6,6,2,1,84,60,34,7,11,9,15
2026-560,US Open,Hard,128,G,0,20260830,43,M0N7,,,Daniel Merida,R,188,ESP,21.925,39,1157,F724,,,Marton Fucsovics,R,188,HUN,34.557,122,510,6-4 6-4 6-2,5,R128,104,3,2,69,47,37,13,14,2,4,0,11,98,59,38,14,14,9,15
2026-560,US Open,Hard,128,G,0,20260831,44,RE44,23,,Andrey Rublev,R,188,RUS,28.862,24,2080,V0AM,,LL,Otto Virtanen,R,193,FIN,25.194,109,574,6-7(5) 6-7(0) 6-0 6-2 7-6(5),5,R128,222,20,3,149,95,78,32,25,6,8,19,7,185,111,73,36,25,17,24
2026-560,US Open,Hard,128,G,0,20260830,45,EA24,27,,Tomas Martin Etcheverry,R,196,ARG,27.118,32,1440,KI82,,,Vit Kopriva,R,178,CZE,29.207,69,883,6-3 6-4 6-0,5,R128,122,10,2,79,43,33,20,13,1,3,6,4,62,34,16,9,12,3,10
2026-560,US Open,Hard,128,G,0,20260831,46,F0BY,,LL,Jacob Fearnley,R,183,GBR,25.128,101,623,L0IL,,,Martin Landaluce,R,193,ESP,20.643,65,922,4-6 6-2 4-6 7-5 6-3,5,R128,251,8,16,155,88,65,31,25,7,14,16,13,151,99,64,19,24,7,16
2026-560,US Open,Hard,128,G,0,20260831,47,BK40,,,Matteo Berrettini,R,196,ITA,30.385,43,1115,W367,,WC,Stan Wawrinka,R,183,SUI,41.426,127,486,7-6(4) 7-6(3) 6-0,5,R128,174,13,3,106,64,51,21,15,10,12,7,6,103,56,40,18,15,2,7
2026-560,US Open,Hard,128,G,0,20260830,48,N0BS,,,Mariano Navone,R,178,ARG,25.503,49,1065,D643,4,,Novak Djokovic,R,188,SRB,39.274,5,3770,7-6(5) 5-7 4-6 6-2 6-1,5,R128,276,9,8,156,98,70,34,25,8,12,10,10,155,86,59,35,24,11,17
2026-560,US Open,Hard,128,G,0,20260831,49,S0S1,8,,Ben Shelton,L,193,USA,23.893,9,3480,GJ37,,,Tallon Griekspoor,R,188,NED,30.163,56,975,1-6 6-1 7-6(3) 6-2,5,R128,155,12,6,104,69,59,13,17,5,8,8,7,99,55,39,20,17,2,7
2026-560,US Open,Hard,128,G,0,20260831,50,HB71,,,Hubert Hurkacz,R,196,POL,29.550,47,1070,D923,,,Damir Dzumhur,R,175,BIH,34.281,104,612,6-4 4-6 6-1 6-1,5,R128,160,14,7,111,68,46,21,17,10,15,0,7,105,61,31,17,17,6,16
2026-560,US Open,Hard,128,G,0,20260830,51,SU55,,,Denis Shapovalov,L,185,CAN,27.376,48,1065,KI95,,,Miomir Kecmanovic,R,183,SRB,26.998,64,925,6-4 4-6 6-4 6-1,5,R128,143,19,11,103,53,45,25,19,3,6,3,2,107,62,38,25,18,8,14
2026-560,US Open,Hard,128,G,0,20260830,52,V0DZ,,,Luca Van Assche,R,178,FRA,22.303,40,1140,N771,29,,Cameron Norrie,L,188,GBR,31.020,35,1365,6-7(6) 6-2 6-2 6-3,5,R128,173,8,5,106,58,49,24,19,2,5,6,3,112,75,42,16,18,4,12
2026-560,US Open,Hard,128,G,0,20260830,53,L0BV,18,,Jiri Lehecka,R,185,CZE,24.808,19,2420,CD85,,,Pablo Carreno Busta,R,188,ESP,35.135,66,899,6-1 7-6(5) 4-6 6-2,5,R128,175,10,7,120,66,51,25,19,3,7,0,7,117,89,52,12,18,7,14
2026-560,US Open,Hard,128,G,0,20260830,54,S0TM,,Q,Toby Samuel,R,191,GBR,23.981,110,567,M0FH,,,Tomas Machac,R,183,CZE,25.878,58,960,6-2 6-3 6-2,5,R128,90,4,1,77,50,38,19,13,4,5,1,0,69,49,25,10,12,4,10
2026-560,US Open,Hard,128,G,0,20260830,55,HG86,,Q,Lloyd Harris,R,193,RSA,29.511,139,428,K0NP,,WC,Jack Kennedy,R,170,USA,18.237,394,129,6-4 6-2 6-2,5,R128,101,16,1,68,38,30,20,13,0,1,4,2,70,44,26,12,13,3,9
2026-560,US Open,Hard,128,G,0,20260831,56,TE51,,,Stefanos Tsitsipas,R,193,GRE,28.052,53,1015,F0F1,10,,Arthur Fils,R,185,FRA,22.218,11,3140,4-6 7-6(3) 6-1 6-4,5,R128,174,14,7,142,81,64,27,20,4,7,10,4,125,78,50,28,19,7,12
2026-560,US Open,Hard,128,G,0,20260830,57,BK92,15,,Alexander Bublik,R,196,KAZ,29.202,16,2525,W09G,,WC,J.J. Wolf,R,183,USA,27.691,253,225,6-4 6-2 3-6 6-1,5,R128,132,18,10,90,51,41,22,17,5,8,4,3,93,45,32,19,17,1,8
2026-560,US Open,Hard,128,G,0,20260831,58,ME82,,,Adrian Mannarino,L,180,FRA,38.171,67,895,T0A1,,,Thiago Agustin Tirante,R,185,ARG,25.391,42,1125,4-6 3-6 6-3 6-3 6-3,5,R128,227,4,1,136,80,61,26,23,6,10,19,16,151,76,62,28,23,6,12
2026-560,US Open,Hard,128,G,0,20260830,59,P0HW,,,Dino Prizmic,R,188,CRO,21.068,102,618,S0H2,,,Aleksandr Shevchenko,R,188,KAZ,25.749,98,655,2-6 6-3 6-3 5-7 7-5,5,R128,234,8,9,158,91,66,33,25,9,15,14,7,150,79,52,37,25,6,13
2026-560,US Open,Hard,128,G,0,20260830,60,PL56,20,,Tommy Paul,R,185,USA,29.287,21,2225,W0BH,,Q,Coleman Wong,R,191,HKG,22.231,94,668,6-7(3) 6-1 6-3 6-3,5,R128,161,9,1,98,54,42,33,19,1,2,15,6,127,63,43,32,18,7,13
2026-560,US Open,Hard,128,G,0,20260831,61,D994,,,James Duckworth,R,183,AUS,34.609,71,853,A0FC,30,,Matteo Arnaldi,R,185,ITA,25.520,36,1349,5-7 6-3 6-2 7-6(8),5,R128,205,16,4,139,75,55,32,21,11,15,5,7,134,83,61,18,20,13,19
2026-560,US Open,Hard,128,G,0,20260830,62,WB32,,,Yibing Wu,R,183,CHN,26.877,113,551,W09E,,,Adam Walton,R,183,AUS,27.370,93,670,7-6(2) 6-2 7-5,5,R128,144,9,4,107,62,48,26,16,5,7,15,5,108,70,52,14,16,8,13
2026-560,US Open,Hard,128,G,0,20260830,63,F0F2,,,Jaime Faria,R,188,POR,23.066,72,847,B0CD,,,Jenson Brooksby,R,193,USA,25.843,74,803,6-3 7-6(4) 4-6 1-6 6-2,5,R128,224,14,14,154,79,56,36,24,9,16,6,3,145,94,66,21,22,5,11
2026-560,US Open,Hard,128,G,0,20260831,64,A0E2,2,,Carlos Alcaraz,R,183,ESP,23.324,3,7160,SX50,,,Roman Safiullin,R,185,RUS,29.065,99,634,6-4 6-4 6-4,5,R128,142,2,5,100,68,45,19,15,5,6,9,4,90,59,38,17,15,3,7
2026-560,US Open,Hard,128,G,0,20260903,65,Z355,1,,Alexander Zverev,R,198,GER,29.372,2,7790,HB64,,,Quentin Halys,R,191,FRA,29.854,52,1030,6-4 4-6 7-6(3) 6-7(3) 6-3,5,R64,273,29,8,157,103,82,26,26,4,7,18,12,198,108,86,37,27,15,20
2026-560,US Open,Hard,128,G,0,20260903,66,TE30,25,,Alejandro Tabilo,L,188,CHI,29.254,28,1688,P09Z,,,Alexei Popyrin,R,196,AUS,27.080,130,458,2-6 7-6(4) 7-6(3) 6-2,5,R64,202,17,5,114,65,54,30,20,3,5,25,6,135,87,60,27,20,4,6
2026-560,US Open,Hard,128,G,0,20260903,67,D0FJ,21,,Luciano Darderi,R,183,ITA,24.550,22,2175,S0GD,,Q,Dalibor Svrcina,R,178,CZE,23.921,134,445,6-3 6-7(5) 6-4 6-4,5,R64,224,16,9,163,91,59,31,21,13,20,11,20,129,67,48,16,20,13,23
2026-560,US Open,Hard,128,G,0,20260903,68,S0IA,,WC,Dane Sweeny,R,170,AUS,25.555,123,506,M0EJ,13,,Lorenzo Musetti,R,185,ITA,24.504,14,2605,3-6 6-1 6-2 6-2,5,R64,156,5,2,102,71,47,19,16,7,10,6,7,111,75,41,17,16,9,17
2026-560,US Open,Hard,128,G,0,20260903,69,Z0BZ,,WC,Michael Zheng,R,188,USA,22.601,107,590,Y09V,,LL,Yunchaokete Bu,R,185,CHN,24.621,124,496,6-3 2-6 6-2 6-3,5,R64,153,13,5,99,52,43,24,17,4,7,8,8,107,52,37,24,17,5,11
2026-560,US Open,Hard,128,G,0,20260903,70,G0IX,,LL,Arthur Gea,R,180,FRA,21.667,87,709,S0K7,,,Zachary Svajda,R,175,USA,23.762,80,759,5-7 6-3 6-2 6-2,5,R64,150,15,5,123,74,54,25,19,6,10,7,3,106,56,34,23,18,2,10
2026-560,US Open,Hard,128,G,0,20260903,71,BU13,31,,Zizou Bergs,R,185,BEL,27.253,37,1345,D0C1,,,Jesper de Jong,R,180,NED,26.259,100,628,7-5 1-6 6-2 7-6(2),5,R64,219,11,8,118,63,46,23,19,5,11,6,16,140,66,43,34,20,9,16
2026-560,US Open,Hard,128,G,0,20260903,72,V812,,,Botic van de Zandschulp,R,191,NED,30.916,70,868,DH58,6,,Alex de Minaur,R,183,AUS,27.543,7,3650,6-4 7-5 6-2,5,R64,163,9,4,104,60,46,22,15,4,5,4,7,96,49,32,24,15,6,11
2026-560,US Open,Hard,128,G,0,20260903,73,KE29,,,Karen Khachanov,R,198,RUS,30.286,50,1050,AG37,3,,Felix Auger-Aliassime,R,193,CAN,26.070,4,4640,6-7(5) 6-3 6-2 6-2,5,R64,197,12,4,123,61,47,38,19,7,9,12,8,116,67,45,20,18,13,20
2026-560,US Open,Hard,128,G,0,20260903,74,BM95,,,Benjamin Bonzi,R,183,FRA,30.234,97,656,B0ID,32,,Ignacio Buse,R,183,PER,22.442,30,1550,6-2 7-6(4) 6-0,5,R64,117,8,1,83,43,39,22,13,3,3,6,7,83,46,31,15,13,2,7
2026-560,US Open,Hard,128,G,0,20260903,75,M0NI,17,,Jakub Mensik,R,196,CZE,21.005,18,2445,R09X,,Q,Jurij Rodionov,L,191,AUT,27.302,143,395,6-3 3-6 6-2 6-3,5,R64,151,14,6,91,52,44,26,18,1,2,15,5,112,67,50,20,17,9,13
2026-560,US Open,Hard,128,G,0,20260903,76,T0HA,14,,Learner Tien,L,180,USA,20.753,15,2565,MC65,,WC,Gael Monfils,R,193,FRA,40.005,311,180,6-3 6-4 6-3,5,R64,137,3,4,96,60,48,18,14,8,8,8,8,103,50,38,20,14,9,13
2026-560,US Open,Hard,128,G,0,20260903,77,FB98,9,,Taylor Fritz,R,196,USA,28.849,10,3475,B0GG,,,Mattia Bellucci,L,175,ITA,25.257,95,659,6-0 6-1 6-1,5,R64,98,11,1,56,35,30,13,10,3,3,3,4,78,43,22,10,10,7,15
2026-560,US Open,Hard,128,G,0,20260903,78,C0AU,24,,Francisco Cerundolo,R,185,ARG,28.057,25,1980,SL28,,,Jan-Lennard Struff,R,193,GER,36.359,44,1089,5-7 7-5 4-6 6-2 6-3,5,R64,234,19,13,152,81,60,39,25,7,11,14,16,169,83,64,38,26,10,17
2026-560,US Open,Hard,128,G,0,20260903,79,B0PG,28,,Alexander Blockx,R,193,BEL,21.405,34,1396,TA29,,,Marco Trungelliti,R,178,ARG,36.589,83,731,6-3 6-2 3-6 6-1,5,R64,161,17,7,102,52,46,27,17,3,4,5,12,110,59,39,22,16,7,12
2026-560,US Open,Hard,128,G,0,20260903,80,C0E9,5,,Flavio Cobolli,R,183,ITA,24.329,6,3720,S0N0,,Q,Tristan Schoolkate,R,183,AUS,25.517,180,313,3-6 6-3 6-4 7-5,5,R64,162,10,4,106,58,47,31,20,0,2,4,4,111,60,49,21,20,2,6
2026-560,US Open,Hard,128,G,0,20260902,81,MM58,7,,Daniil Medvedev,R,198,RUS,30.557,8,3580,G0JJ,,WC,Sebastian Gorzny,R,193,USA,22.606,731,43,6-1 6-3 7-5,5,R64,127,14,3,81,53,46,13,14,1,1,3,5,100,64,38,15,14,9,14
2026-560,US Open,Hard,128,G,0,20260902,82,RC91,26,,Arthur Rinderknech,R,196,FRA,31.113,29,1683,MU94,,,Jaume Munar,R,183,ESP,29.328,55,990,7-6(4) 6-2 7-5,5,R64,186,22,6,123,67,57,21,16,5,8,3,5,107,59,38,23,16,3,9
2026-560,US Open,Hard,128,G,0,20260902,83,VA25,22,,Valentin Vacherot,R,193,MON,27.795,23,2168,MQ75,,,Kamil Majchrzak,R,183,POL,30.637,73,827,6-4 4-6 7-6(3) 6-2,5,R64,206,17,12,139,79,65,21,20,8,13,8,7,149,79,50,30,20,13,20
2026-560,US Open,Hard,128,G,0,20260902,84,TD51,11,,Frances Tiafoe,R,188,USA,28.616,12,2680,S0UV,,Q,Rei Sakamoto,R,193,JPN,20.192,157,357,6-3 7-6(2) 7-5,5,R64,160,7,4,118,75,53,24,17,3,5,18,3,99,58,42,20,16,4,8
2026-560,US Open,Hard,128,G,0,20260902,85,M0QI,,,Alex Michelsen,R,193,USA,22.021,46,1070,N0AE,16,,Brandon Nakashima,R,188,USA,25.081,17,2485,6-3 6-4 6-4,5,R64,115,4,4,81,47,39,22,15,2,3,10,4,81,49,34,17,14,3,7
2026-560,US Open,Hard,128,G,0,20260902,86,M0N7,,,Daniel Merida,R,188,ESP,21.933,39,1157,RE44,23,,Andrey Rublev,R,188,RUS,28.868,24,2080,6-7(3) 6-2 6-4 6-4,5,R64,166,9,9,128,80,59,27,20,5,6,13,8,133,80,63,18,20,6,11
2026-560,US Open,Hard,128,G,0,20260902,87,EA24,27,,Tomas Martin Etcheverry,R,196,ARG,27.127,32,1440,F0BY,,LL,Jacob Fearnley,R,183,GBR,25.133,101,623,6-3 6-3 3-6 6-3,5,R64,198,9,5,118,70,51,21,18,8,12,10,11,131,86,49,23,18,11,18
2026-560,US Open,Hard,128,G,0,20260902,88,N0BS,,,Mariano Navone,R,178,ARG,25.511,49,1065,BK40,,,Matteo Berrettini,R,196,ITA,30.390,43,1115,3-6 6-3 6-4 7-6(4),5,R64,209,5,4,132,93,65,24,20,7,9,15,6,127,72,56,26,20,4,7
2026-560,US Open,Hard,128,G,0,20260902,89,S0S1,8,,Ben Shelton,L,193,USA,23.899,9,3480,HB71,,,Hubert Hurkacz,R,196,POL,29.555,47,1070,6-3 5-7 7-6(3) 7-5,5,R64,204,6,3,138,100,73,25,23,5,7,14,7,139,81,61,32,22,8,11
2026-560,US Open,Hard,128,G,0,20260902,90,SU55,,,Denis Shapovalov,L,185,CAN,27.384,48,1065,V0DZ,,,Luca Van Assche,R,178,FRA,22.311,40,1140,6-0 6-4 7-6(7),5,R64,145,11,9,104,61,45,21,14,8,11,4,4,89,48,27,19,14,2,9
2026-560,US Open,Hard,128,G,0,20260902,91,L0BV,18,,Jiri Lehecka,R,185,CZE,24.816,19,2420,S0TM,,Q,Toby Samuel,R,191,GBR,23.989,110,567,6-4 6-2 6-4,5,R64,108,7,3,81,50,39,16,14,1,3,4,5,84,54,34,11,14,5,11
2026-560,US Open,Hard,128,G,0,20260902,92,TE51,,,Stefanos Tsitsipas,R,193,GRE,28.057,53,1015,HG86,,Q,Lloyd Harris,R,193,RSA,29.520,139,428,6-7(1) 6-3 7-6(4) 6-4,5,R64,207,15,3,135,68,55,38,21,2,4,13,4,157,93,72,28,22,12,17
2026-560,US Open,Hard,128,G,0,20260902,93,BK92,15,,Alexander Bublik,R,196,KAZ,29.210,16,2525,ME82,,,Adrian Mannarino,L,180,FRA,38.177,67,895,6-3 6-1 6-1,5,R64,80,16,3,62,45,41,9,12,1,1,1,3,64,34,18,14,11,8,14
2026-560,US Open,Hard,128,G,0,20260902,94,PL56,20,,Tommy Paul,R,185,USA,29.295,21,2225,P0HW,,,Dino Prizmic,R,188,CRO,21.076,102,618,6-2 6-3 5-7 6-4,5,R64,184,9,4,109,59,49,24,19,2,5,2,7,125,79,56,16,20,9,16
2026-560,US Open,Hard,128,G,0,20260902,95,WB32,,,Yibing Wu,R,183,CHN,26.886,113,551,D994,,,James Duckworth,R,183,AUS,34.615,71,853,7-5 6-3 6-1,5,R64,117,12,1,73,50,39,18,14,0,0,9,8,104,49,33,23,14,9,14
2026-560,US Open,Hard,128,G,0,20260902,96,A0E2,2,,Carlos Alcaraz,R,183,ESP,23.329,3,7160,F0F2,,,Jaime Faria,R,188,POR,23.075,72,847,4-6 6-0 6-3 6-2,5,R64,160,3,4,104,64,46,28,17,5,7,5,11,107,58,41,15,16,5,12
2026-560,US Open,Hard,128,G,0,20260905,97,Z355,1,,Alexander Zverev,R,198,GER,29.377,2,7790,TE30,25,,Alejandro Tabilo,L,188,CHI,29.259,28,1688,6-2 7-6(2) 6-2,5,R32,146,10,2,87,62,46,14,14,6,8,7,3,99,60,37,16,14,7,13
2026-560,US Open,Hard,128,G,0,20260905,98,D0FJ,21,,Luciano Darderi,R,183,ITA,24.556,22,2175,S0IA,,WC,Dane Sweeny,R,170,AUS,25.561,123,506,6-4 6-3 6-3,5,R32,133,7,4,93,50,36,25,14,6,8,2,4,83,48,26,18,14,2,8
2026-560,US Open,Hard,128,G,0,20260905,99,G0IX,,LL,Arthur Gea,R,180,FRA,21.673,87,709,Z0BZ,,WC,Michael Zheng,R,188,USA,22.606,107,590,7-6(7) 3-6 4-6 6-3 6-2,5,R32,235,6,8,150,97,71,24,24,4,10,7,6,174,79,51,48,24,17,24
2026-560,US Open,Hard,128,G,0,20260905,100,V812,,,Botic van de Zandschulp,R,191,NED,30.921,70,868,BU13,31,,Zizou Bergs,R,185,BEL,27.258,37,1345,3-6 7-6(3) 4-6 7-6(6) 6-3,5,R32,269,15,16,161,87,63,35,26,5,12,11,12,185,107,76,36,26,8,14
2026-560,US Open,Hard,128,G,0,20260905,101,KE29,,,Karen Khachanov,R,198,RUS,30.292,50,1050,BM95,,,Benjamin Bonzi,R,183,FRA,30.240,97,656,6-3 6-2 6-4,5,R32,130,12,5,94,56,44,19,14,3,4,6,7,82,43,33,13,13,5,10
2026-560,US Open,Hard,128,G,0,20260905,102,T0HA,14,,Learner Tien,L,180,USA,20.758,15,2565,M0NI,17,,Jakub Mensik,R,196,CZE,21.010,18,2445,6-3 1-6 6-7(2) 6-3 6-4,5,R32,204,4,8,168,111,72,31,23,9,14,23,8,137,81,65,25,24,7,14
2026-560,US Open,Hard,128,G,0,20260905,103,C0AU,24,,Francisco Cerundolo,R,185,ARG,28.063,25,1980,FB98,9,,Taylor Fritz,R,196,USA,28.854,10,3475,3-6 4-6 6-3 6-4 6-4,5,R32,220,10,9,140,85,69,18,24,7,12,12,5,158,83,56,41,24,13,19
2026-560,US Open,Hard,128,G,0,20260905,104,B0PG,28,,Alexander Blockx,R,193,BEL,21.410,34,1396,C0E9,5,,Flavio Cobolli,R,183,ITA,24.334,6,3720,6-7(4) 6-3 6-0 6-3,5,R32,165,17,4,98,56,48,26,18,5,7,5,5,129,74,44,23,18,13,21
2026-560,US Open,Hard,128,G,0,20260904,105,MM58,7,,Daniil Medvedev,R,198,RUS,30.563,8,3580,RC91,26,,Arthur Rinderknech,R,196,FRA,31.118,29,1683,6-4 6-4 6-4,5,R32,119,10,6,77,41,35,23,15,1,2,9,1,81,55,45,6,15,1,5
2026-560,US Open,Hard,128,G,0,20260904,106,TD51,11,,Frances Tiafoe,R,188,USA,28.621,12,2680,VA25,22,,Valentin Vacherot,R,193,MON,27.800,23,2168,6-4 6-2 6-4,5,R32,119,6,2,80,54,46,16,14,3,3,12,7,92,46,35,19,14,4,8
2026-560,US Open,Hard,128,G,0,20260904,107,M0QI,,,Alex Michelsen,R,193,USA,22.026,46,1070,M0N7,,,Daniel Merida,R,188,ESP,21.938,39,1157,7-6(5) 6-4 6-3,5,R32,129,6,1,92,62,47,19,15,4,5,8,7,109,64,42,24,16,3,7
2026-560,US Open,Hard,128,G,0,20260904,108,EA24,27,,Tomas Martin Etcheverry,R,196,ARG,27.132,32,1440,N0BS,,,Mariano Navone,R,178,ARG,25.517,49,1065,6-4 6-4 6-3,5,R32,146,8,1,82,50,38,21,15,0,1,4,1,84,57,37,15,14,4,8
2026-560,US Open,Hard,128,G,0,20260904,109,S0S1,8,,Ben Shelton,L,193,USA,23.904,9,3480,SU55,,,Denis Shapovalov,L,185,CAN,27.389,48,1065,7-6(3) 6-7(5) 6-3 6-4,5,R32,202,14,7,140,98,72,22,22,4,8,8,7,130,74,57,25,21,5,11
2026-560,US Open,Hard,128,G,0,20260904,110,TE51,,,Stefanos Tsitsipas,R,193,GRE,28.063,53,1015,L0BV,18,,Jiri Lehecka,R,185,CZE,24.821,19,2420,2-6 6-1 7-6(3) 6-1,5,R32,153,12,5,109,64,46,27,18,2,5,3,6,102,60,43,17,16,4,9
2026-560,US Open,Hard,128,G,0,20260904,111,PL56,20,,Tommy Paul,R,185,USA,29.300,21,2225,BK92,15,,Alexander Bublik,R,196,KAZ,29.216,16,2525,6-4 3-6 6-7(4) 6-1 6-3,5,R32,193,10,1,141,93,71,29,23,5,7,16,6,143,85,61,29,24,2,8
2026-560,US Open,Hard,128,G,0,20260904,112,A0E2,2,,Carlos Alcaraz,R,183,ESP,23.335,3,7160,WB32,,,Yibing Wu,R,183,CHN,26.891,113,551,6-3 6-4 6-1,5,R32,140,6,4,86,58,40,14,13,5,7,1,5,109,62,33,21,13,8,15
2026-560,US Open,Hard,128,G,0,20260907,113,Z355,1,,Alexander Zverev,R,198,GER,29.383,2,7790,D0FJ,21,,Luciano Darderi,R,183,ITA,24.561,22,2175,6-2 6-2 7-6(3),5,R16,151,13,5,82,59,51,13,14,1,1,9,7,104,48,40,20,14,13,17
2026-560,US Open,Hard,128,G,0,20260907,114,V812,,,Botic van de Zandschulp,R,191,NED,30.927,70,868,G0IX,,LL,Arthur Gea,R,180,FRA,21.678,87,709,3-6 6-7(0) 7-6(7) 7-6(3) 6-4,5,R16,313,15,9,199,114,80,35,27,9,16,10,12,210,126,84,40,28,14,21
2026-560,US Open,Hard,128,G,0,20260907,115,KE29,,,Karen Khachanov,R,198,RUS,30.297,50,1050,T0HA,14,,Learner Tien,L,180,USA,20.764,15,2565,7-5 4-6 6-7(6) 6-1 6-4,5,R16,230,9,7,168,105,77,28,25,9,14,8,8,155,93,66,28,26,3,12
2026-560,US Open,Hard,128,G,0,20260907,116,B0PG,28,,Alexander Blockx,R,193,BEL,21.415,34,1396,C0AU,24,,Francisco Cerundolo,R,185,ARG,28.068,25,1980,6-3 4-6 7-5 7-5,5,R16,196,10,7,138,77,57,29,21,14,17,5,6,132,79,57,24,22,6,12
2026-560,US Open,Hard,128,G,0,20260906,117,TD51,11,,Frances Tiafoe,R,188,USA,28.627,12,2680,MM58,7,,Daniil Medvedev,R,198,RUS,30.568,8,3580,7-6(1) 6-4 7-6(6),5,R16,177,4,0,116,73,50,23,17,5,9,14,5,113,67,50,17,17,3,8
2026-560,US Open,Hard,128,G,0,20260906,118,M0QI,,,Alex Michelsen,R,193,USA,22.031,46,1070,EA24,27,,Tomas Martin Etcheverry,R,196,ARG,27.138,32,1440,7-6(6) 6-4 6-4,5,R16,166,12,7,102,54,44,28,16,4,5,6,0,98,49,41,24,16,1,4
2026-560,US Open,Hard,128,G,0,20260906,119,S0S1,8,,Ben Shelton,L,193,USA,23.910,9,3480,TE51,,,Stefanos Tsitsipas,R,193,GRE,28.068,53,1015,6-2 6-3 6-4,5,R16,112,12,1,71,51,43,14,14,0,0,2,3,71,37,24,20,13,2,6
2026-560,US Open,Hard,128,G,0,20260906,120,A0E2,2,,Carlos Alcaraz,R,183,ESP,23.340,3,7160,PL56,20,,Tommy Paul,R,185,USA,29.306,21,2225,6-4 6-3 6-4,5,R16,141,3,2,84,56,42,18,15,3,4,4,1,89,48,30,20,14,10,14
2026-560,US Open,Hard,128,G,0,20260909,121,Z355,1,,Alexander Zverev,R,198,GER,29.388,2,7790,V812,,,Botic van de Zandschulp,R,191,NED,30.932,70,868,6-2 7-5 6-1,5,QF,137,8,7,86,61,47,11,13,2,2,7,3,79,42,29,14,14,3,9
2026-560,US Open,Hard,128,G,0,20260909,122,KE29,,,Karen Khachanov,R,198,RUS,30.303,50,1050,B0PG,28,,Alexander Blockx,R,193,BEL,21.421,34,1396,6-2 7-5 3-2,5,QF,98,6,2,66,36,32,19,12,2,2,8,4,74,41,29,16,13,2,6
2026-560,US Open,Hard,128,G,0,20260908,123,TD51,11,,Frances Tiafoe,R,188,USA,28.632,12,2680,M0QI,,,Alex Michelsen,R,193,USA,22.037,46,1070,5-7 3-6 7-5 6-3 7-6(6),5,QF,279,10,4,181,93,62,46,27,15,23,21,9,162,92,67,33,27,9,17
2026-560,US Open,Hard,128,G,0,20260908,124,S0S1,8,,Ben Shelton,L,193,USA,23.915,9,3480,A0E2,2,,Carlos Alcaraz,R,183,ESP,23.346,3,7160,6-7(5) 6-1 6-3 1-6 7-6(7),5,QF,268,7,2,158,105,73,30,23,8,11,3,7,175,112,77,32,24,11,16
2026-560,US Open,Hard,128,G,0,20260911,125,Z355,1,,Alexander Zverev,R,198,GER,29.394,2,7790,KE29,,,Karen Khachanov,R,198,RUS,30.308,50,1050,6-3 7-6(7) 7-6(6),5,SF,178,15,6,111,70,55,23,17,1,2,6,3,100,62,51,20,16,1,3
2026-560,US Open,Hard,128,G,0,20260911,126,S0S1,8,,Ben Shelton,L,193,USA,23.923,9,3480,TD51,11,,Frances Tiafoe,R,188,USA,28.641,12,2680,4-6 6-3 6-3 7-5,5,SF,197,20,3,114,86,66,15,20,5,7,3,2,121,69,54,20,20,6,11
2026-560,US Open,Hard,128,G,0,20260913,127,Z355,1,,Alexander Zverev,R,198,GER,29.399,2,7790,S0S1,8,,Ben Shelton,L,193,USA,23.929,9,3480,6-3 7-6(2) 5-7 6-2,5,F,213,9,6,116,80,68,17,20,2,3,10,4,122,87,62,20,21,2,6
