captured_at,fixture_id,game_id,league,tournament,start_date,status,home_player,away_player,sportsbook,market_id,market,player_id,selection,normalized_selection,selection_line,points,price,is_main,grouping_key,odds_id,odds_timestamp,odds_timestamp_utc
2026-09-18T03:02:42Z,20260918148FC806,21423-94052-2026-37,wta,"Sao Paulo, Brazil",2026-09-18T17:10:00Z,unplayed,Anna Blinkova,Alina Charaeva,BetMGM,player_sets_won,Player Sets Won,D9596A764C77EF7D,Alina Charaeva,alina_charaeva,over,0.5,-190,True,alina_charaeva:0.5,21423-94052-2026-37:betmgm:player_sets_won:alina_charaeva_over_0_5,1789696700.7262094,2026-09-18T01:58:20Z
2026-09-18T03:02:42Z,20260918148FC806,21423-94052-2026-37,wta,"Sao Paulo, Brazil",2026-09-18T17:10:00Z,unplayed,Anna Blinkova,Alina Charaeva,BetMGM,player_sets_won,Player Sets Won,D9596A764C77EF7D,Alina Charaeva,alina_charaeva,under,0.5,130,True,alina_charaeva:0.5,21423-94052-2026-37:betmgm:player_sets_won:alina_charaeva_under_0_5,1789696700.7262094,2026-09-18T01:58:20Z
2026-09-18T03:02:42Z,20260918148FC806,21423-94052-2026-37,wta,"Sao Paulo, Brazil",2026-09-18T17:10:00Z,unplayed,Anna Blinkova,Alina Charaeva,BetMGM,player_sets_won,Player Sets Won,A1E0C3D3DCF1,Anna Blinkova,anna_blinkova,over,0.5,-425,True,anna_blinkova:0.5,21423-94052-2026-37:betmgm:player_sets_won:anna_blinkova_over_0_5,1789696700.7262094,2026-09-18T01:58:20Z
2026-09-18T03:02:42Z,20260918148FC806,21423-94052-2026-37,wta,"Sao Paulo, Brazil",2026-09-18T17:10:00Z,unplayed,Anna Blinkova,Alina Charaeva,BetMGM,player_sets_won,Player Sets Won,A1E0C3D3DCF1,Anna Blinkova,anna_blinkova,under,0.5,250,True,anna_blinkova:0.5,21423-94052-2026-37:betmgm:player_sets_won:anna_blinkova_under_0_5,1789696700.7262094,2026-09-18T01:58:20Z
2026-09-18T03:02:42Z,20260918148FC806,21423-94052-2026-37,wta,"Sao Paulo, Brazil",2026-09-18T17:10:00Z,unplayed,Anna Blinkova,Alina Charaeva,DraftKings,player_break_points_won,Player Break Points Won,D9596A764C77EF7D,Alina Charaeva,alina_charaeva,under,0.5,1500,True,alina_charaeva:0.5,21423-94052-2026-37:draftkings:player_break_points_won:alina_charaeva_under_0_5,1789691604.396114,2026-09-18T00:33:24Z
2026-09-18T03:02:42Z,20260918148FC806,21423-94052-2026-37,wta,"Sao Paulo, Brazil",2026-09-18T17:10:00Z,unplayed,Anna Blinkova,Alina Charaeva,DraftKings,player_break_points_won,Player Break Points Won,A1E0C3D3DCF1,Anna Blinkova,anna_blinkova,under,0.5,2200,True,anna_blinkova:0.5,21423-94052-2026-37:draftkings:player_break_points_won:anna_blinkova_under_0_5,1789691604.396114,2026-09-18T00:33:24Z
2026-09-18T03:02:42Z,20260918148FC806,21423-94052-2026-37,wta,"Sao Paulo, Brazil",2026-09-18T17:10:00Z,unplayed,Anna Blinkova,Alina Charaeva,DraftKings,player_games_won,Player Games Won,D9596A764C77EF7D,Alina Charaeva,alina_charaeva,over,11.5,-140,True,alina_charaeva:11.5,21423-94052-2026-37:draftkings:player_games_won:alina_charaeva_over_11_5,1789677564.4160278,2026-09-17T20:39:24Z
2026-09-18T03:02:42Z,20260918148FC806,21423-94052-2026-37,wta,"Sao Paulo, Brazil",2026-09-18T17:10:00Z,unplayed,Anna Blinkova,Alina Charaeva,DraftKings,player_games_won,Player Games Won,D9596A764C77EF7D,Alina Charaeva,alina_charaeva,under,11.5,100,True,alina_charaeva:11.5,21423-94052-2026-37:draftkings:player_games_won:alina_charaeva_under_11_5,1789677564.4160278,2026-09-17T20:39:24Z
2026-09-18T03:02:42Z,20260918148FC806,21423-94052-2026-37,wta,"Sao Paulo, Brazil",2026-09-18T17:10:00Z,unplayed,Anna Blinkova,Alina Charaeva,DraftKings,player_games_won,Player Games Won,A1E0C3D3DCF1,Anna Blinkova,anna_blinkova,over,12.5,120,True,anna_blinkova:12.5,21423-94052-2026-37:draftkings:player_games_won:anna_blinkova_over_12_5,1789691604.396114,2026-09-18T00:33:24Z
2026-09-18T03:02:42Z,20260918148FC806,21423-94052-2026-37,wta,"Sao Paulo, Brazil",2026-09-18T17:10:00Z,unplayed,Anna Blinkova,Alina Charaeva,DraftKings,player_games_won,Player Games Won,A1E0C3D3DCF1,Anna Blinkova,anna_blinkova,under,12.5,-165,True,anna_blinkova:12.5,21423-94052-2026-37:draftkings:player_games_won:anna_blinkova_under_12_5,1789677564.4160278,2026-09-17T20:39:24Z
2026-09-18T03:02:42Z,20260918148FC806,21423-94052-2026-37,wta,"Sao Paulo, Brazil",2026-09-18T17:10:00Z,unplayed,Anna Blinkova,Alina Charaeva,DraftKings,player_sets_won,Player Sets Won,D9596A764C77EF7D,Alina Charaeva,alina_charaeva,over,0.5,-185,True,alina_charaeva:0.5,21423-94052-2026-37:draftkings:player_sets_won:alina_charaeva_over_0_5,1789677564.4160368,2026-09-17T20:39:24Z
2026-09-18T03:02:42Z,20260918148FC806,21423-94052-2026-37,wta,"Sao Paulo, Brazil",2026-09-18T17:10:00Z,unplayed,Anna Blinkova,Alina Charaeva,DraftKings,player_sets_won,Player Sets Won,D9596A764C77EF7D,Alina Charaeva,alina_charaeva,under,0.5,135,True,alina_charaeva:0.5,21423-94052-2026-37:draftkings:player_sets_won:alina_charaeva_under_0_5,1789677564.4160368,2026-09-17T20:39:24Z
2026-09-18T03:02:42Z,20260918148FC806,21423-94052-2026-37,wta,"Sao Paulo, Brazil",2026-09-18T17:10:00Z,unplayed,Anna Blinkova,Alina Charaeva,DraftKings,player_sets_won,Player Sets Won,A1E0C3D3DCF1,Anna Blinkova,anna_blinkova,over,0.5,-400,True,anna_blinkova:0.5,21423-94052-2026-37:draftkings:player_sets_won:anna_blinkova_over_0_5,1789691604.396114,2026-09-18T00:33:24Z
2026-09-18T03:02:42Z,20260918148FC806,21423-94052-2026-37,wta,"Sao Paulo, Brazil",2026-09-18T17:10:00Z,unplayed,Anna Blinkova,Alina Charaeva,DraftKings,player_sets_won,Player Sets Won,A1E0C3D3DCF1,Anna Blinkova,anna_blinkova,under,0.5,275,True,anna_blinkova:0.5,21423-94052-2026-37:draftkings:player_sets_won:anna_blinkova_under_0_5,1789691604.396114,2026-09-18T00:33:24Z
2026-09-18T03:02:42Z,202609181F89EA34,43439-90436-2026-37,wta,"Sao Paulo, Brazil",2026-09-18T21:40:00Z,unplayed,Nadia Podoroska,Suzan Lamens,BetMGM,player_sets_won,Player Sets Won,FB69A64B33D1,Nadia Podoroska,nadia_podoroska,over,0.5,-350,True,nadia_podoroska:0.5,43439-90436-2026-37:betmgm:player_sets_won:nadia_podoroska_over_0_5,1789696698.6643374,2026-09-18T01:58:18Z
2026-09-18T03:02:42Z,202609181F89EA34,43439-90436-2026-37,wta,"Sao Paulo, Brazil",2026-09-18T21:40:00Z,unplayed,Nadia Podoroska,Suzan Lamens,BetMGM,player_sets_won,Player Sets Won,FB69A64B33D1,Nadia Podoroska,nadia_podoroska,under,0.5,225,True,nadia_podoroska:0.5,43439-90436-2026-37:betmgm:player_sets_won:nadia_podoroska_under_0_5,1789696698.6643374,2026-09-18T01:58:18Z
2026-09-18T03:02:42Z,202609181F89EA34,43439-90436-2026-37,wta,"Sao Paulo, Brazil",2026-09-18T21:40:00Z,unplayed,Nadia Podoroska,Suzan Lamens,BetMGM,player_sets_won,Player Sets Won,A6E1D0C8A0C9,Suzan Lamens,suzan_lamens,over,0.5,-220,True,suzan_lamens:0.5,43439-90436-2026-37:betmgm:player_sets_won:suzan_lamens_over_0_5,1789696698.6643374,2026-09-18T01:58:18Z
2026-09-18T03:02:42Z,202609181F89EA34,43439-90436-2026-37,wta,"Sao Paulo, Brazil",2026-09-18T21:40:00Z,unplayed,Nadia Podoroska,Suzan Lamens,BetMGM,player_sets_won,Player Sets Won,A6E1D0C8A0C9,Suzan Lamens,suzan_lamens,under,0.5,150,True,suzan_lamens:0.5,43439-90436-2026-37:betmgm:player_sets_won:suzan_lamens_under_0_5,1789696698.6643374,2026-09-18T01:58:18Z
2026-09-18T03:02:42Z,202609181F89EA34,43439-90436-2026-37,wta,"Sao Paulo, Brazil",2026-09-18T21:40:00Z,unplayed,Nadia Podoroska,Suzan Lamens,DraftKings,player_break_points_won,Player Break Points Won,FB69A64B33D1,Nadia Podoroska,nadia_podoroska,under,0.5,2200,True,nadia_podoroska:0.5,43439-90436-2026-37:draftkings:player_break_points_won:nadia_podoroska_under_0_5,1789694874.5046196,2026-09-18T01:27:54Z
2026-09-18T03:02:42Z,202609181F89EA34,43439-90436-2026-37,wta,"Sao Paulo, Brazil",2026-09-18T21:40:00Z,unplayed,Nadia Podoroska,Suzan Lamens,DraftKings,player_break_points_won,Player Break Points Won,A6E1D0C8A0C9,Suzan Lamens,suzan_lamens,under,0.5,1800,True,suzan_lamens:0.5,43439-90436-2026-37:draftkings:player_break_points_won:suzan_lamens_under_0_5,1789694874.5046196,2026-09-18T01:27:54Z
2026-09-18T03:02:42Z,202609181F89EA34,43439-90436-2026-37,wta,"Sao Paulo, Brazil",2026-09-18T21:40:00Z,unplayed,Nadia Podoroska,Suzan Lamens,DraftKings,player_games_won,Player Games Won,FB69A64B33D1,Nadia Podoroska,nadia_podoroska,over,12.5,125,True,nadia_podoroska:12.5,43439-90436-2026-37:draftkings:player_games_won:nadia_podoroska_over_12_5,1789694874.5046196,2026-09-18T01:27:54Z
2026-09-18T03:02:42Z,202609181F89EA34,43439-90436-2026-37,wta,"Sao Paulo, Brazil",2026-09-18T21:40:00Z,unplayed,Nadia Podoroska,Suzan Lamens,DraftKings,player_games_won,Player Games Won,FB69A64B33D1,Nadia Podoroska,nadia_podoroska,under,12.5,-185,True,nadia_podoroska:12.5,43439-90436-2026-37:draftkings:player_games_won:nadia_podoroska_under_12_5,1789694874.5046196,2026-09-18T01:27:54Z
2026-09-18T03:02:42Z,202609181F89EA34,43439-90436-2026-37,wta,"Sao Paulo, Brazil",2026-09-18T21:40:00Z,unplayed,Nadia Podoroska,Suzan Lamens,DraftKings,player_games_won,Player Games Won,A6E1D0C8A0C9,Suzan Lamens,suzan_lamens,over,11.5,-165,True,suzan_lamens:11.5,43439-90436-2026-37:draftkings:player_games_won:suzan_lamens_over_11_5,1789694874.5046196,2026-09-18T01:27:54Z
2026-09-18T03:02:42Z,202609181F89EA34,43439-90436-2026-37,wta,"Sao Paulo, Brazil",2026-09-18T21:40:00Z,unplayed,Nadia Podoroska,Suzan Lamens,DraftKings,player_games_won,Player Games Won,A6E1D0C8A0C9,Suzan Lamens,suzan_lamens,under,11.5,110,True,suzan_lamens:11.5,43439-90436-2026-37:draftkings:player_games_won:suzan_lamens_under_11_5,1789694874.5046196,2026-09-18T01:27:54Z
2026-09-18T03:02:42Z,202609181F89EA34,43439-90436-2026-37,wta,"Sao Paulo, Brazil",2026-09-18T21:40:00Z,unplayed,Nadia Podoroska,Suzan Lamens,DraftKings,player_sets_won,Player Sets Won,FB69A64B33D1,Nadia Podoroska,nadia_podoroska,over,0.5,-330,True,nadia_podoroska:0.5,43439-90436-2026-37:draftkings:player_sets_won:nadia_podoroska_over_0_5,1789694874.5046196,2026-09-18T01:27:54Z
2026-09-18T03:02:42Z,202609181F89EA34,43439-90436-2026-37,wta,"Sao Paulo, Brazil",2026-09-18T21:40:00Z,unplayed,Nadia Podoroska,Suzan Lamens,DraftKings,player_sets_won,Player Sets Won,FB69A64B33D1,Nadia Podoroska,nadia_podoroska,under,0.5,225,True,nadia_podoroska:0.5,43439-90436-2026-37:draftkings:player_sets_won:nadia_podoroska_under_0_5,1789694874.5046196,2026-09-18T01:27:54Z
2026-09-18T03:02:42Z,202609181F89EA34,43439-90436-2026-37,wta,"Sao Paulo, Brazil",2026-09-18T21:40:00Z,unplayed,Nadia Podoroska,Suzan Lamens,DraftKings,player_sets_won,Player Sets Won,A6E1D0C8A0C9,Suzan Lamens,suzan_lamens,over,0.5,-215,True,suzan_lamens:0.5,43439-90436-2026-37:draftkings:player_sets_won:suzan_lamens_over_0_5,1789694874.5046196,2026-09-18T01:27:54Z
2026-09-18T03:02:42Z,202609181F89EA34,43439-90436-2026-37,wta,"Sao Paulo, Brazil",2026-09-18T21:40:00Z,unplayed,Nadia Podoroska,Suzan Lamens,DraftKings,player_sets_won,Player Sets Won,A6E1D0C8A0C9,Suzan Lamens,suzan_lamens,under,0.5,150,True,suzan_lamens:0.5,43439-90436-2026-37:draftkings:player_sets_won:suzan_lamens_under_0_5,1789694874.5046196,2026-09-18T01:27:54Z
2026-09-18T03:02:42Z,202609186FF93BE5,33889-27513-2026-37,wta,"Sao Paulo, Brazil",2026-09-18T16:00:00Z,unplayed,Teodora Kostovic,Kaitlin Quevedo,BetMGM,player_sets_won,Player Sets Won,635381F93957A087,Kaitlin Quevedo,kaitlin_quevedo,over,0.5,-350,True,kaitlin_quevedo:0.5,33889-27513-2026-37:betmgm:player_sets_won:kaitlin_quevedo_over_0_5,1789696699.695156,2026-09-18T01:58:19Z
2026-09-18T03:02:42Z,202609186FF93BE5,33889-27513-2026-37,wta,"Sao Paulo, Brazil",2026-09-18T16:00:00Z,unplayed,Teodora Kostovic,Kaitlin Quevedo,BetMGM,player_sets_won,Player Sets Won,635381F93957A087,Kaitlin Quevedo,kaitlin_quevedo,under,0.5,225,True,kaitlin_quevedo:0.5,33889-27513-2026-37:betmgm:player_sets_won:kaitlin_quevedo_under_0_5,1789696699.695156,2026-09-18T01:58:19Z
2026-09-18T03:02:42Z,202609186FF93BE5,33889-27513-2026-37,wta,"Sao Paulo, Brazil",2026-09-18T16:00:00Z,unplayed,Teodora Kostovic,Kaitlin Quevedo,BetMGM,player_sets_won,Player Sets Won,E9CDAF26AAF5D1D3,Teodora Kostovic,teodora_kostovic,over,0.5,-220,True,teodora_kostovic:0.5,33889-27513-2026-37:betmgm:player_sets_won:teodora_kostovic_over_0_5,1789696699.695156,2026-09-18T01:58:19Z
2026-09-18T03:02:42Z,202609186FF93BE5,33889-27513-2026-37,wta,"Sao Paulo, Brazil",2026-09-18T16:00:00Z,unplayed,Teodora Kostovic,Kaitlin Quevedo,BetMGM,player_sets_won,Player Sets Won,E9CDAF26AAF5D1D3,Teodora Kostovic,teodora_kostovic,under,0.5,150,True,teodora_kostovic:0.5,33889-27513-2026-37:betmgm:player_sets_won:teodora_kostovic_under_0_5,1789696699.695156,2026-09-18T01:58:19Z
2026-09-18T03:02:42Z,202609186FF93BE5,33889-27513-2026-37,wta,"Sao Paulo, Brazil",2026-09-18T16:00:00Z,unplayed,Teodora Kostovic,Kaitlin Quevedo,DraftKings,player_break_points_won,Player Break Points Won,635381F93957A087,Kaitlin Quevedo,kaitlin_quevedo,under,0.5,1800,True,kaitlin_quevedo:0.5,33889-27513-2026-37:draftkings:player_break_points_won:kaitlin_quevedo_under_0_5,1789677564.4160278,2026-09-17T20:39:24Z
2026-09-18T03:02:42Z,202609186FF93BE5,33889-27513-2026-37,wta,"Sao Paulo, Brazil",2026-09-18T16:00:00Z,unplayed,Teodora Kostovic,Kaitlin Quevedo,DraftKings,player_break_points_won,Player Break Points Won,E9CDAF26AAF5D1D3,Teodora Kostovic,teodora_kostovic,under,0.5,1400,True,teodora_kostovic:0.5,33889-27513-2026-37:draftkings:player_break_points_won:teodora_kostovic_under_0_5,1789677564.4160278,2026-09-17T20:39:24Z
2026-09-18T03:02:42Z,202609186FF93BE5,33889-27513-2026-37,wta,"Sao Paulo, Brazil",2026-09-18T16:00:00Z,unplayed,Teodora Kostovic,Kaitlin Quevedo,DraftKings,player_games_won,Player Games Won,635381F93957A087,Kaitlin Quevedo,kaitlin_quevedo,over,12.5,-105,True,kaitlin_quevedo:12.5,33889-27513-2026-37:draftkings:player_games_won:kaitlin_quevedo_over_12_5,1789677564.4160278,2026-09-17T20:39:24Z
2026-09-18T03:02:42Z,202609186FF93BE5,33889-27513-2026-37,wta,"Sao Paulo, Brazil",2026-09-18T16:00:00Z,unplayed,Teodora Kostovic,Kaitlin Quevedo,DraftKings,player_games_won,Player Games Won,635381F93957A087,Kaitlin Quevedo,kaitlin_quevedo,under,12.5,-140,True,kaitlin_quevedo:12.5,33889-27513-2026-37:draftkings:player_games_won:kaitlin_quevedo_under_12_5,1789677564.4160278,2026-09-17T20:39:24Z
2026-09-18T03:02:42Z,202609186FF93BE5,33889-27513-2026-37,wta,"Sao Paulo, Brazil",2026-09-18T16:00:00Z,unplayed,Teodora Kostovic,Kaitlin Quevedo,DraftKings,player_games_won,Player Games Won,E9CDAF26AAF5D1D3,Teodora Kostovic,teodora_kostovic,over,12.5,110,True,teodora_kostovic:12.5,33889-27513-2026-37:draftkings:player_games_won:teodora_kostovic_over_12_5,1789677564.4160278,2026-09-17T20:39:24Z
2026-09-18T03:02:42Z,202609186FF93BE5,33889-27513-2026-37,wta,"Sao Paulo, Brazil",2026-09-18T16:00:00Z,unplayed,Teodora Kostovic,Kaitlin Quevedo,DraftKings,player_games_won,Player Games Won,E9CDAF26AAF5D1D3,Teodora Kostovic,teodora_kostovic,under,12.5,-165,True,teodora_kostovic:12.5,33889-27513-2026-37:draftkings:player_games_won:teodora_kostovic_under_12_5,1789677564.4160278,2026-09-17T20:39:24Z
2026-09-18T03:02:42Z,202609186FF93BE5,33889-27513-2026-37,wta,"Sao Paulo, Brazil",2026-09-18T16:00:00Z,unplayed,Teodora Kostovic,Kaitlin Quevedo,DraftKings,player_sets_won,Player Sets Won,635381F93957A087,Kaitlin Quevedo,kaitlin_quevedo,over,0.5,-380,True,kaitlin_quevedo:0.5,33889-27513-2026-37:draftkings:player_sets_won:kaitlin_quevedo_over_0_5,1789675674.2838085,2026-09-17T20:07:54Z
2026-09-18T03:02:42Z,202609186FF93BE5,33889-27513-2026-37,wta,"Sao Paulo, Brazil",2026-09-18T16:00:00Z,unplayed,Teodora Kostovic,Kaitlin Quevedo,DraftKings,player_sets_won,Player Sets Won,635381F93957A087,Kaitlin Quevedo,kaitlin_quevedo,under,0.5,260,True,kaitlin_quevedo:0.5,33889-27513-2026-37:draftkings:player_sets_won:kaitlin_quevedo_under_0_5,1789675674.2838085,2026-09-17T20:07:54Z
2026-09-18T03:02:42Z,202609186FF93BE5,33889-27513-2026-37,wta,"Sao Paulo, Brazil",2026-09-18T16:00:00Z,unplayed,Teodora Kostovic,Kaitlin Quevedo,DraftKings,player_sets_won,Player Sets Won,E9CDAF26AAF5D1D3,Teodora Kostovic,teodora_kostovic,over,0.5,-250,True,teodora_kostovic:0.5,33889-27513-2026-37:draftkings:player_sets_won:teodora_kostovic_over_0_5,1789675674.2838085,2026-09-17T20:07:54Z
2026-09-18T03:02:42Z,202609186FF93BE5,33889-27513-2026-37,wta,"Sao Paulo, Brazil",2026-09-18T16:00:00Z,unplayed,Teodora Kostovic,Kaitlin Quevedo,DraftKings,player_sets_won,Player Sets Won,E9CDAF26AAF5D1D3,Teodora Kostovic,teodora_kostovic,under,0.5,175,True,teodora_kostovic:0.5,33889-27513-2026-37:draftkings:player_sets_won:teodora_kostovic_under_0_5,1789675674.2838085,2026-09-17T20:07:54Z
2026-09-18T03:02:42Z,202609189EABB4A1,16898-28676-2026-37,wta,"Guadalajara, Mexico",2026-09-18T23:00:00Z,unplayed,Cristina Bucsa,Iva Jović,DraftKings,player_sets_won,Player Sets Won,B50E281C0FDD,Cristina Bucsa,cristina_bucsa,over,0.5,-110,True,cristina_bucsa:0.5,16898-28676-2026-37:draftkings:player_sets_won:cristina_bucsa_over_0_5,1789694874.5046196,2026-09-18T01:27:54Z
2026-09-18T03:02:42Z,202609189EABB4A1,16898-28676-2026-37,wta,"Guadalajara, Mexico",2026-09-18T23:00:00Z,unplayed,Cristina Bucsa,Iva Jović,DraftKings,player_sets_won,Player Sets Won,B50E281C0FDD,Cristina Bucsa,cristina_bucsa,under,0.5,-125,True,cristina_bucsa:0.5,16898-28676-2026-37:draftkings:player_sets_won:cristina_bucsa_under_0_5,1789694874.5046196,2026-09-18T01:27:54Z
2026-09-18T03:02:42Z,202609189EABB4A1,16898-28676-2026-37,wta,"Guadalajara, Mexico",2026-09-18T23:00:00Z,unplayed,Cristina Bucsa,Iva Jović,DraftKings,player_sets_won,Player Sets Won,BB6088423E01,Iva Jović,iva_jovi_,over,0.5,-1100,True,iva_jovi_:0.5,16898-28676-2026-37:draftkings:player_sets_won:iva_jovi_over_0_5,1789694874.5046196,2026-09-18T01:27:54Z
2026-09-18T03:02:42Z,202609189EABB4A1,16898-28676-2026-37,wta,"Guadalajara, Mexico",2026-09-18T23:00:00Z,unplayed,Cristina Bucsa,Iva Jović,DraftKings,player_sets_won,Player Sets Won,BB6088423E01,Iva Jović,iva_jovi_,under,0.5,550,True,iva_jovi_:0.5,16898-28676-2026-37:draftkings:player_sets_won:iva_jovi_under_0_5,1789694874.5046196,2026-09-18T01:27:54Z
2026-09-18T03:02:42Z,20260918EB291E99,34794-32790-2026-37,wta,"Sao Paulo, Brazil",2026-09-18T20:30:00Z,unplayed,Mary Stoiana,Paula Badosa,BetMGM,player_sets_won,Player Sets Won,0B98FA5735D7A52D,Mary Stoiana,mary_stoiana,over,0.5,-155,True,mary_stoiana:0.5,34794-32790-2026-37:betmgm:player_sets_won:mary_stoiana_over_0_5,1789696699.695156,2026-09-18T01:58:19Z
2026-09-18T03:02:42Z,20260918EB291E99,34794-32790-2026-37,wta,"Sao Paulo, Brazil",2026-09-18T20:30:00Z,unplayed,Mary Stoiana,Paula Badosa,BetMGM,player_sets_won,Player Sets Won,0B98FA5735D7A52D,Mary Stoiana,mary_stoiana,under,0.5,105,True,mary_stoiana:0.5,34794-32790-2026-37:betmgm:player_sets_won:mary_stoiana_under_0_5,1789696699.695156,2026-09-18T01:58:19Z
2026-09-18T03:02:42Z,20260918EB291E99,34794-32790-2026-37,wta,"Sao Paulo, Brazil",2026-09-18T20:30:00Z,unplayed,Mary Stoiana,Paula Badosa,BetMGM,player_sets_won,Player Sets Won,3CAA85511C75,Paula Badosa,paula_badosa,over,0.5,-600,True,paula_badosa:0.5,34794-32790-2026-37:betmgm:player_sets_won:paula_badosa_over_0_5,1789696699.695156,2026-09-18T01:58:19Z
2026-09-18T03:02:42Z,20260918EB291E99,34794-32790-2026-37,wta,"Sao Paulo, Brazil",2026-09-18T20:30:00Z,unplayed,Mary Stoiana,Paula Badosa,BetMGM,player_sets_won,Player Sets Won,3CAA85511C75,Paula Badosa,paula_badosa,under,0.5,325,True,paula_badosa:0.5,34794-32790-2026-37:betmgm:player_sets_won:paula_badosa_under_0_5,1789696699.695156,2026-09-18T01:58:19Z
2026-09-18T03:02:42Z,20260918EB291E99,34794-32790-2026-37,wta,"Sao Paulo, Brazil",2026-09-18T20:30:00Z,unplayed,Mary Stoiana,Paula Badosa,DraftKings,player_break_points_won,Player Break Points Won,0B98FA5735D7A52D,Mary Stoiana,mary_stoiana,under,0.5,1600,True,mary_stoiana:0.5,34794-32790-2026-37:draftkings:player_break_points_won:mary_stoiana_under_0_5,1789692364.3891108,2026-09-18T00:46:04Z
2026-09-18T03:02:42Z,20260918EB291E99,34794-32790-2026-37,wta,"Sao Paulo, Brazil",2026-09-18T20:30:00Z,unplayed,Mary Stoiana,Paula Badosa,DraftKings,player_break_points_won,Player Break Points Won,3CAA85511C75,Paula Badosa,paula_badosa,under,0.5,2800,True,paula_badosa:0.5,34794-32790-2026-37:draftkings:player_break_points_won:paula_badosa_under_0_5,1789692364.3891108,2026-09-18T00:46:04Z
2026-09-18T03:02:42Z,20260918EB291E99,34794-32790-2026-37,wta,"Sao Paulo, Brazil",2026-09-18T20:30:00Z,unplayed,Mary Stoiana,Paula Badosa,DraftKings,player_games_won,Player Games Won,0B98FA5735D7A52D,Mary Stoiana,mary_stoiana,over,11.5,-115,True,mary_stoiana:11.5,34794-32790-2026-37:draftkings:player_games_won:mary_stoiana_over_11_5,1789692364.3891108,2026-09-18T00:46:04Z
2026-09-18T03:02:42Z,20260918EB291E99,34794-32790-2026-37,wta,"Sao Paulo, Brazil",2026-09-18T20:30:00Z,unplayed,Mary Stoiana,Paula Badosa,DraftKings,player_games_won,Player Games Won,0B98FA5735D7A52D,Mary Stoiana,mary_stoiana,under,11.5,-120,True,mary_stoiana:11.5,34794-32790-2026-37:draftkings:player_games_won:mary_stoiana_under_11_5,1789692364.3891108,2026-09-18T00:46:04Z
2026-09-18T03:02:42Z,20260918EB291E99,34794-32790-2026-37,wta,"Sao Paulo, Brazil",2026-09-18T20:30:00Z,unplayed,Mary Stoiana,Paula Badosa,DraftKings,player_games_won,Player Games Won,3CAA85511C75,Paula Badosa,paula_badosa,over,12.5,100,True,paula_badosa:12.5,34794-32790-2026-37:draftkings:player_games_won:paula_badosa_over_12_5,1789692364.3891108,2026-09-18T00:46:04Z
2026-09-18T03:02:42Z,20260918EB291E99,34794-32790-2026-37,wta,"Sao Paulo, Brazil",2026-09-18T20:30:00Z,unplayed,Mary Stoiana,Paula Badosa,DraftKings,player_games_won,Player Games Won,3CAA85511C75,Paula Badosa,paula_badosa,under,12.5,-140,True,paula_badosa:12.5,34794-32790-2026-37:draftkings:player_games_won:paula_badosa_under_12_5,1789692364.3891108,2026-09-18T00:46:04Z
2026-09-18T03:02:42Z,20260918EB291E99,34794-32790-2026-37,wta,"Sao Paulo, Brazil",2026-09-18T20:30:00Z,unplayed,Mary Stoiana,Paula Badosa,DraftKings,player_sets_won,Player Sets Won,0B98FA5735D7A52D,Mary Stoiana,mary_stoiana,over,0.5,-165,True,mary_stoiana:0.5,34794-32790-2026-37:draftkings:player_sets_won:mary_stoiana_over_0_5,1789692364.3891108,2026-09-18T00:46:04Z
2026-09-18T03:02:42Z,20260918EB291E99,34794-32790-2026-37,wta,"Sao Paulo, Brazil",2026-09-18T20:30:00Z,unplayed,Mary Stoiana,Paula Badosa,DraftKings,player_sets_won,Player Sets Won,0B98FA5735D7A52D,Mary Stoiana,mary_stoiana,under,0.5,110,True,mary_stoiana:0.5,34794-32790-2026-37:draftkings:player_sets_won:mary_stoiana_under_0_5,1789692364.3891108,2026-09-18T00:46:04Z
2026-09-18T03:02:42Z,20260918EB291E99,34794-32790-2026-37,wta,"Sao Paulo, Brazil",2026-09-18T20:30:00Z,unplayed,Mary Stoiana,Paula Badosa,DraftKings,player_sets_won,Player Sets Won,3CAA85511C75,Paula Badosa,paula_badosa,over,0.5,-575,True,paula_badosa:0.5,34794-32790-2026-37:draftkings:player_sets_won:paula_badosa_over_0_5,1789691554.260333,2026-09-18T00:32:34Z
2026-09-18T03:02:42Z,20260918EB291E99,34794-32790-2026-37,wta,"Sao Paulo, Brazil",2026-09-18T20:30:00Z,unplayed,Mary Stoiana,Paula Badosa,DraftKings,player_sets_won,Player Sets Won,3CAA85511C75,Paula Badosa,paula_badosa,under,0.5,350,True,paula_badosa:0.5,34794-32790-2026-37:draftkings:player_sets_won:paula_badosa_under_0_5,1789691554.260333,2026-09-18T00:32:34Z
2026-09-19T03:03:08Z,2026091913A9403B,14892-26997-2026-37,wta,"Singapore, Singapore",2026-09-19T06:30:00Z,unplayed,Eva Marie Desvignes,Kyoka Okamura,DraftKings,player_games_won,Player Games Won,BEA0169819EB6325,Eva Marie Desvignes,eva_marie_desvignes,over,8.5,-125,True,eva_marie_desvignes:8.5,14892-26997-2026-37:draftkings:player_games_won:eva_marie_desvignes_over_8_5,1789753092.4372654,2026-09-18T17:38:12Z
2026-09-19T03:03:08Z,2026091913A9403B,14892-26997-2026-37,wta,"Singapore, Singapore",2026-09-19T06:30:00Z,unplayed,Eva Marie Desvignes,Kyoka Okamura,DraftKings,player_games_won,Player Games Won,BEA0169819EB6325,Eva Marie Desvignes,eva_marie_desvignes,under,8.5,-120,True,eva_marie_desvignes:8.5,14892-26997-2026-37:draftkings:player_games_won:eva_marie_desvignes_under_8_5,1789753092.4372654,2026-09-18T17:38:12Z
2026-09-19T03:03:08Z,2026091913A9403B,14892-26997-2026-37,wta,"Singapore, Singapore",2026-09-19T06:30:00Z,unplayed,Eva Marie Desvignes,Kyoka Okamura,DraftKings,player_games_won,Player Games Won,2160A875097E8400,Kyoka Okamura,kyoka_okamura,over,12.5,120,True,kyoka_okamura:12.5,14892-26997-2026-37:draftkings:player_games_won:kyoka_okamura_over_12_5,1789780204.8245785,2026-09-19T01:10:04Z
2026-09-19T03:03:08Z,2026091913A9403B,14892-26997-2026-37,wta,"Singapore, Singapore",2026-09-19T06:30:00Z,unplayed,Eva Marie Desvignes,Kyoka Okamura,DraftKings,player_games_won,Player Games Won,2160A875097E8400,Kyoka Okamura,kyoka_okamura,under,12.5,-175,True,kyoka_okamura:12.5,14892-26997-2026-37:draftkings:player_games_won:kyoka_okamura_under_12_5,1789780204.8245785,2026-09-19T01:10:04Z
2026-09-19T03:03:08Z,2026091913A9403B,14892-26997-2026-37,wta,"Singapore, Singapore",2026-09-19T06:30:00Z,unplayed,Eva Marie Desvignes,Kyoka Okamura,DraftKings,player_sets_won,Player Sets Won,BEA0169819EB6325,Eva Marie Desvignes,eva_marie_desvignes,over,0.5,-105,True,eva_marie_desvignes:0.5,14892-26997-2026-37:draftkings:player_sets_won:eva_marie_desvignes_over_0_5,1789753092.4372654,2026-09-18T17:38:12Z
2026-09-19T03:03:08Z,2026091913A9403B,14892-26997-2026-37,wta,"Singapore, Singapore",2026-09-19T06:30:00Z,unplayed,Eva Marie Desvignes,Kyoka Okamura,DraftKings,player_sets_won,Player Sets Won,BEA0169819EB6325,Eva Marie Desvignes,eva_marie_desvignes,under,0.5,-135,True,eva_marie_desvignes:0.5,14892-26997-2026-37:draftkings:player_sets_won:eva_marie_desvignes_under_0_5,1789753092.4372654,2026-09-18T17:38:12Z
2026-09-19T03:03:08Z,2026091913A9403B,14892-26997-2026-37,wta,"Singapore, Singapore",2026-09-19T06:30:00Z,unplayed,Eva Marie Desvignes,Kyoka Okamura,DraftKings,player_sets_won,Player Sets Won,2160A875097E8400,Kyoka Okamura,kyoka_okamura,over,0.5,-800,True,kyoka_okamura:0.5,14892-26997-2026-37:draftkings:player_sets_won:kyoka_okamura_over_0_5,1789780204.8245785,2026-09-19T01:10:04Z
2026-09-19T03:03:08Z,2026091913A9403B,14892-26997-2026-37,wta,"Singapore, Singapore",2026-09-19T06:30:00Z,unplayed,Eva Marie Desvignes,Kyoka Okamura,DraftKings,player_sets_won,Player Sets Won,2160A875097E8400,Kyoka Okamura,kyoka_okamura,under,0.5,500,True,kyoka_okamura:0.5,14892-26997-2026-37:draftkings:player_sets_won:kyoka_okamura_under_0_5,1789780204.8245785,2026-09-19T01:10:04Z
2026-09-19T03:03:08Z,202609191E62F7CC,42944-39358-2026-37,wta,"Singapore, Singapore",2026-09-19T03:00:00Z,unplayed,Anna-Lena Friedsam,Desirae Krawczyk,DraftKings,player_sets_won,Player Sets Won,672EDFC6B11C,Anna-Lena Friedsam,anna-lena_friedsam,over,0.5,-10000,True,anna-lena_friedsam:0.5,42944-39358-2026-37:draftkings:player_sets_won:anna-lena_friedsam_over_0_5,1789786404.7794316,2026-09-19T02:53:24Z
2026-09-19T03:03:08Z,202609191E62F7CC,42944-39358-2026-37,wta,"Singapore, Singapore",2026-09-19T03:00:00Z,unplayed,Anna-Lena Friedsam,Desirae Krawczyk,DraftKings,player_sets_won,Player Sets Won,672EDFC6B11C,Anna-Lena Friedsam,anna-lena_friedsam,under,0.5,2200,True,anna-lena_friedsam:0.5,42944-39358-2026-37:draftkings:player_sets_won:anna-lena_friedsam_under_0_5,1789786404.7794316,2026-09-19T02:53:24Z
2026-09-19T03:03:08Z,202609191E62F7CC,42944-39358-2026-37,wta,"Singapore, Singapore",2026-09-19T03:00:00Z,unplayed,Anna-Lena Friedsam,Desirae Krawczyk,DraftKings,player_sets_won,Player Sets Won,436C5436CFE513DC,Desirae Krawczyk,desirae_krawczyk,over,0.5,275,True,desirae_krawczyk:0.5,42944-39358-2026-37:draftkings:player_sets_won:desirae_krawczyk_over_0_5,1789786734.4283726,2026-09-19T02:58:54Z
2026-09-19T03:03:08Z,202609191E62F7CC,42944-39358-2026-37,wta,"Singapore, Singapore",2026-09-19T03:00:00Z,unplayed,Anna-Lena Friedsam,Desirae Krawczyk,DraftKings,player_sets_won,Player Sets Won,436C5436CFE513DC,Desirae Krawczyk,desirae_krawczyk,under,0.5,-425,True,desirae_krawczyk:0.5,42944-39358-2026-37:draftkings:player_sets_won:desirae_krawczyk_under_0_5,1789786734.4283726,2026-09-19T02:58:54Z
2026-09-19T03:03:08Z,202609193E452311,80342-34644-2026-37,wta,"Seoul, Korea Republic",2026-09-19T05:35:00Z,unplayed,En-Shuo Liang,Sara Saito,DraftKings,player_games_won,Player Games Won,87E210B1712A,En-Shuo Liang,en-shuo_liang,over,12.5,110,True,en-shuo_liang:12.5,80342-34644-2026-37:draftkings:player_games_won:en-shuo_liang_over_12_5,1789777415.4155152,2026-09-19T00:23:35Z
2026-09-19T03:03:08Z,202609193E452311,80342-34644-2026-37,wta,"Seoul, Korea Republic",2026-09-19T05:35:00Z,unplayed,En-Shuo Liang,Sara Saito,DraftKings,player_games_won,Player Games Won,87E210B1712A,En-Shuo Liang,en-shuo_liang,under,12.5,-165,True,en-shuo_liang:12.5,80342-34644-2026-37:draftkings:player_games_won:en-shuo_liang_under_12_5,1789777415.4155152,2026-09-19T00:23:35Z
2026-09-19T03:03:08Z,202609193E452311,80342-34644-2026-37,wta,"Seoul, Korea Republic",2026-09-19T05:35:00Z,unplayed,En-Shuo Liang,Sara Saito,DraftKings,player_games_won,Player Games Won,D50973562939,Sara Saito,sara_saito,over,10.5,-115,True,sara_saito:10.5,80342-34644-2026-37:draftkings:player_games_won:sara_saito_over_10_5,1789777415.4155095,2026-09-19T00:23:35Z
2026-09-19T03:03:08Z,202609193E452311,80342-34644-2026-37,wta,"Seoul, Korea Republic",2026-09-19T05:35:00Z,unplayed,En-Shuo Liang,Sara Saito,DraftKings,player_games_won,Player Games Won,D50973562939,Sara Saito,sara_saito,under,10.5,-125,True,sara_saito:10.5,80342-34644-2026-37:draftkings:player_games_won:sara_saito_under_10_5,1789777415.4155095,2026-09-19T00:23:35Z
2026-09-19T03:03:08Z,202609193E452311,80342-34644-2026-37,wta,"Seoul, Korea Republic",2026-09-19T05:35:00Z,unplayed,En-Shuo Liang,Sara Saito,DraftKings,player_sets_won,Player Sets Won,87E210B1712A,En-Shuo Liang,en-shuo_liang,over,0.5,-600,True,en-shuo_liang:0.5,80342-34644-2026-37:draftkings:player_sets_won:en-shuo_liang_over_0_5,1789777415.4155152,2026-09-19T00:23:35Z
2026-09-19T03:03:08Z,202609193E452311,80342-34644-2026-37,wta,"Seoul, Korea Republic",2026-09-19T05:35:00Z,unplayed,En-Shuo Liang,Sara Saito,DraftKings,player_sets_won,Player Sets Won,87E210B1712A,En-Shuo Liang,en-shuo_liang,under,0.5,380,True,en-shuo_liang:0.5,80342-34644-2026-37:draftkings:player_sets_won:en-shuo_liang_under_0_5,1789777415.4155152,2026-09-19T00:23:35Z
2026-09-19T03:03:08Z,202609193E452311,80342-34644-2026-37,wta,"Seoul, Korea Republic",2026-09-19T05:35:00Z,unplayed,En-Shuo Liang,Sara Saito,DraftKings,player_sets_won,Player Sets Won,D50973562939,Sara Saito,sara_saito,over,0.5,-125,True,sara_saito:0.5,80342-34644-2026-37:draftkings:player_sets_won:sara_saito_over_0_5,1789777415.4155152,2026-09-19T00:23:35Z
2026-09-19T03:03:08Z,202609193E452311,80342-34644-2026-37,wta,"Seoul, Korea Republic",2026-09-19T05:35:00Z,unplayed,En-Shuo Liang,Sara Saito,DraftKings,player_sets_won,Player Sets Won,D50973562939,Sara Saito,sara_saito,under,0.5,-115,True,sara_saito:0.5,80342-34644-2026-37:draftkings:player_sets_won:sara_saito_under_0_5,1789777415.4155152,2026-09-19T00:23:35Z
2026-09-19T03:03:08Z,202609195E3A2D2D,43439-32790-2026-37,wta,"Sao Paulo, Brazil",2026-09-19T17:10:00Z,unplayed,Nadia Podoroska,Paula Badosa,DraftKings,player_break_points_won,Player Break Points Won,FB69A64B33D1,Nadia Podoroska,nadia_podoroska,under,0.5,550,True,nadia_podoroska:0.5,43439-32790-2026-37:draftkings:player_break_points_won:nadia_podoroska_under_0_5,1789786104.4963765,2026-09-19T02:48:24Z
2026-09-19T03:03:08Z,202609195E3A2D2D,43439-32790-2026-37,wta,"Sao Paulo, Brazil",2026-09-19T17:10:00Z,unplayed,Nadia Podoroska,Paula Badosa,DraftKings,player_break_points_won,Player Break Points Won,3CAA85511C75,Paula Badosa,paula_badosa,under,0.5,2500,True,paula_badosa:0.5,43439-32790-2026-37:draftkings:player_break_points_won:paula_badosa_under_0_5,1789786104.4963765,2026-09-19T02:48:24Z
2026-09-19T03:03:08Z,202609195E3A2D2D,43439-32790-2026-37,wta,"Sao Paulo, Brazil",2026-09-19T17:10:00Z,unplayed,Nadia Podoroska,Paula Badosa,DraftKings,player_games_won,Player Games Won,FB69A64B33D1,Nadia Podoroska,nadia_podoroska,over,8.5,-115,True,nadia_podoroska:8.5,43439-32790-2026-37:draftkings:player_games_won:nadia_podoroska_over_8_5,1789786104.4963765,2026-09-19T02:48:24Z
2026-09-19T03:03:08Z,202609195E3A2D2D,43439-32790-2026-37,wta,"Sao Paulo, Brazil",2026-09-19T17:10:00Z,unplayed,Nadia Podoroska,Paula Badosa,DraftKings,player_games_won,Player Games Won,FB69A64B33D1,Nadia Podoroska,nadia_podoroska,under,8.5,-125,True,nadia_podoroska:8.5,43439-32790-2026-37:draftkings:player_games_won:nadia_podoroska_under_8_5,1789786104.4963765,2026-09-19T02:48:24Z
2026-09-19T03:03:08Z,202609195E3A2D2D,43439-32790-2026-37,wta,"Sao Paulo, Brazil",2026-09-19T17:10:00Z,unplayed,Nadia Podoroska,Paula Badosa,DraftKings,player_games_won,Player Games Won,3CAA85511C75,Paula Badosa,paula_badosa,over,12.5,-105,True,paula_badosa:12.5,43439-32790-2026-37:draftkings:player_games_won:paula_badosa_over_12_5,1789786104.4963765,2026-09-19T02:48:24Z
2026-09-19T03:03:08Z,202609195E3A2D2D,43439-32790-2026-37,wta,"Sao Paulo, Brazil",2026-09-19T17:10:00Z,unplayed,Nadia Podoroska,Paula Badosa,DraftKings,player_games_won,Player Games Won,3CAA85511C75,Paula Badosa,paula_badosa,under,12.5,-135,True,paula_badosa:12.5,43439-32790-2026-37:draftkings:player_games_won:paula_badosa_under_12_5,1789786104.4963765,2026-09-19T02:48:24Z
2026-09-19T03:03:08Z,202609195E3A2D2D,43439-32790-2026-37,wta,"Sao Paulo, Brazil",2026-09-19T17:10:00Z,unplayed,Nadia Podoroska,Paula Badosa,DraftKings,player_sets_won,Player Sets Won,FB69A64B33D1,Nadia Podoroska,nadia_podoroska,over,0.5,110,True,nadia_podoroska:0.5,43439-32790-2026-37:draftkings:player_sets_won:nadia_podoroska_over_0_5,1789786104.4963765,2026-09-19T02:48:24Z
2026-09-19T03:03:08Z,202609195E3A2D2D,43439-32790-2026-37,wta,"Sao Paulo, Brazil",2026-09-19T17:10:00Z,unplayed,Nadia Podoroska,Paula Badosa,DraftKings,player_sets_won,Player Sets Won,FB69A64B33D1,Nadia Podoroska,nadia_podoroska,under,0.5,-165,True,nadia_podoroska:0.5,43439-32790-2026-37:draftkings:player_sets_won:nadia_podoroska_under_0_5,1789786104.4963765,2026-09-19T02:48:24Z
2026-09-19T03:03:08Z,202609195E3A2D2D,43439-32790-2026-37,wta,"Sao Paulo, Brazil",2026-09-19T17:10:00Z,unplayed,Nadia Podoroska,Paula Badosa,DraftKings,player_sets_won,Player Sets Won,3CAA85511C75,Paula Badosa,paula_badosa,over,0.5,-1400,True,paula_badosa:0.5,43439-32790-2026-37:draftkings:player_sets_won:paula_badosa_over_0_5,1789786104.4963765,2026-09-19T02:48:24Z
2026-09-19T03:03:08Z,202609195E3A2D2D,43439-32790-2026-37,wta,"Sao Paulo, Brazil",2026-09-19T17:10:00Z,unplayed,Nadia Podoroska,Paula Badosa,DraftKings,player_sets_won,Player Sets Won,3CAA85511C75,Paula Badosa,paula_badosa,under,0.5,750,True,paula_badosa:0.5,43439-32790-2026-37:draftkings:player_sets_won:paula_badosa_under_0_5,1789786104.4963765,2026-09-19T02:48:24Z
2026-09-19T03:03:08Z,202609196B5B5489,40735-25511-2026-37,wta,"Singapore, Singapore",2026-09-19T05:20:00Z,unplayed,Nika Radisic,Viktoria Morvayova,DraftKings,player_games_won,Player Games Won,56E4A090C07B1E10,Nika Radisic,nika_radisic,over,8.5,-120,True,nika_radisic:8.5,40735-25511-2026-37:draftkings:player_games_won:nika_radisic_over_8_5,1789786244.613011,2026-09-19T02:50:44Z
2026-09-19T03:03:08Z,202609196B5B5489,40735-25511-2026-37,wta,"Singapore, Singapore",2026-09-19T05:20:00Z,unplayed,Nika Radisic,Viktoria Morvayova,DraftKings,player_games_won,Player Games Won,56E4A090C07B1E10,Nika Radisic,nika_radisic,under,8.5,-120,True,nika_radisic:8.5,40735-25511-2026-37:draftkings:player_games_won:nika_radisic_under_8_5,1789786244.613011,2026-09-19T02:50:44Z
2026-09-19T03:03:08Z,202609196B5B5489,40735-25511-2026-37,wta,"Singapore, Singapore",2026-09-19T05:20:00Z,unplayed,Nika Radisic,Viktoria Morvayova,DraftKings,player_games_won,Player Games Won,19820EB4AAEE3B79,Viktoria Morvayova,viktoria_morvayova,over,12.5,105,True,viktoria_morvayova:12.5,40735-25511-2026-37:draftkings:player_games_won:viktoria_morvayova_over_12_5,1789780195.2429924,2026-09-19T01:09:55Z
2026-09-19T03:03:08Z,202609196B5B5489,40735-25511-2026-37,wta,"Singapore, Singapore",2026-09-19T05:20:00Z,unplayed,Nika Radisic,Viktoria Morvayova,DraftKings,player_games_won,Player Games Won,19820EB4AAEE3B79,Viktoria Morvayova,viktoria_morvayova,under,12.5,-165,True,viktoria_morvayova:12.5,40735-25511-2026-37:draftkings:player_games_won:viktoria_morvayova_under_12_5,1789780195.2429924,2026-09-19T01:09:55Z
2026-09-19T03:03:08Z,202609196B5B5489,40735-25511-2026-37,wta,"Singapore, Singapore",2026-09-19T05:20:00Z,unplayed,Nika Radisic,Viktoria Morvayova,DraftKings,player_sets_won,Player Sets Won,56E4A090C07B1E10,Nika Radisic,nika_radisic,over,0.5,105,True,nika_radisic:0.5,40735-25511-2026-37:draftkings:player_sets_won:nika_radisic_over_0_5,1789786244.613011,2026-09-19T02:50:44Z
2026-09-19T03:03:08Z,202609196B5B5489,40735-25511-2026-37,wta,"Singapore, Singapore",2026-09-19T05:20:00Z,unplayed,Nika Radisic,Viktoria Morvayova,DraftKings,player_sets_won,Player Sets Won,56E4A090C07B1E10,Nika Radisic,nika_radisic,under,0.5,-150,True,nika_radisic:0.5,40735-25511-2026-37:draftkings:player_sets_won:nika_radisic_under_0_5,1789786244.613011,2026-09-19T02:50:44Z
2026-09-19T03:03:08Z,202609196B5B5489,40735-25511-2026-37,wta,"Singapore, Singapore",2026-09-19T05:20:00Z,unplayed,Nika Radisic,Viktoria Morvayova,DraftKings,player_sets_won,Player Sets Won,19820EB4AAEE3B79,Viktoria Morvayova,viktoria_morvayova,over,0.5,-1100,True,viktoria_morvayova:0.5,40735-25511-2026-37:draftkings:player_sets_won:viktoria_morvayova_over_0_5,1789780195.2429924,2026-09-19T01:09:55Z
2026-09-19T03:03:08Z,202609196B5B5489,40735-25511-2026-37,wta,"Singapore, Singapore",2026-09-19T05:20:00Z,unplayed,Nika Radisic,Viktoria Morvayova,DraftKings,player_sets_won,Player Sets Won,19820EB4AAEE3B79,Viktoria Morvayova,viktoria_morvayova,under,0.5,600,True,viktoria_morvayova:0.5,40735-25511-2026-37:draftkings:player_sets_won:viktoria_morvayova_under_0_5,1789780195.2429924,2026-09-19T01:09:55Z
2026-09-19T03:03:08Z,2026091973069AB1,32589-28433-2026-37,wta,"Singapore, Singapore",2026-09-19T03:00:00Z,unplayed,Jiaqi Wang,Anastasia Kulikova,DraftKings,player_games_won,Player Games Won,D1AA8672412EAEFC,Anastasia Kulikova,anastasia_kulikova,over,12.5,-110,True,anastasia_kulikova:12.5,32589-28433-2026-37:draftkings:player_games_won:anastasia_kulikova_over_12_5,1789786825.7062192,2026-09-19T03:00:25Z
2026-09-19T03:03:08Z,2026091973069AB1,32589-28433-2026-37,wta,"Singapore, Singapore",2026-09-19T03:00:00Z,unplayed,Jiaqi Wang,Anastasia Kulikova,DraftKings,player_games_won,Player Games Won,D1AA8672412EAEFC,Anastasia Kulikova,anastasia_kulikova,under,12.5,-130,True,anastasia_kulikova:12.5,32589-28433-2026-37:draftkings:player_games_won:anastasia_kulikova_under_12_5,1789786825.7062192,2026-09-19T03:00:25Z
2026-09-19T03:03:08Z,2026091973069AB1,32589-28433-2026-37,wta,"Singapore, Singapore",2026-09-19T03:00:00Z,unplayed,Jiaqi Wang,Anastasia Kulikova,DraftKings,player_games_won,Player Games Won,EB0DAFED6C30936C,Jiaqi Wang,jiaqi_wang,over,11.5,-150,True,jiaqi_wang:11.5,32589-28433-2026-37:draftkings:player_games_won:jiaqi_wang_over_11_5,1789786825.7062192,2026-09-19T03:00:25Z
2026-09-19T03:03:08Z,2026091973069AB1,32589-28433-2026-37,wta,"Singapore, Singapore",2026-09-19T03:00:00Z,unplayed,Jiaqi Wang,Anastasia Kulikova,DraftKings,player_games_won,Player Games Won,EB0DAFED6C30936C,Jiaqi Wang,jiaqi_wang,under,11.5,105,True,jiaqi_wang:11.5,32589-28433-2026-37:draftkings:player_games_won:jiaqi_wang_under_11_5,1789786825.7062192,2026-09-19T03:00:25Z
2026-09-19T03:03:08Z,2026091973069AB1,32589-28433-2026-37,wta,"Singapore, Singapore",2026-09-19T03:00:00Z,unplayed,Jiaqi Wang,Anastasia Kulikova,DraftKings,player_sets_won,Player Sets Won,D1AA8672412EAEFC,Anastasia Kulikova,anastasia_kulikova,over,0.5,-500,True,anastasia_kulikova:0.5,32589-28433-2026-37:draftkings:player_sets_won:anastasia_kulikova_over_0_5,1789786825.7062254,2026-09-19T03:00:25Z
2026-09-19T03:03:08Z,2026091973069AB1,32589-28433-2026-37,wta,"Singapore, Singapore",2026-09-19T03:00:00Z,unplayed,Jiaqi Wang,Anastasia Kulikova,DraftKings,player_sets_won,Player Sets Won,D1AA8672412EAEFC,Anastasia Kulikova,anastasia_kulikova,under,0.5,320,True,anastasia_kulikova:0.5,32589-28433-2026-37:draftkings:player_sets_won:anastasia_kulikova_under_0_5,1789786825.7062254,2026-09-19T03:00:25Z
2026-09-19T03:03:08Z,2026091973069AB1,32589-28433-2026-37,wta,"Singapore, Singapore",2026-09-19T03:00:00Z,unplayed,Jiaqi Wang,Anastasia Kulikova,DraftKings,player_sets_won,Player Sets Won,EB0DAFED6C30936C,Jiaqi Wang,jiaqi_wang,over,0.5,-200,True,jiaqi_wang:0.5,32589-28433-2026-37:draftkings:player_sets_won:jiaqi_wang_over_0_5,1789775424.8892307,2026-09-18T23:50:24Z
2026-09-19T03:03:08Z,2026091973069AB1,32589-28433-2026-37,wta,"Singapore, Singapore",2026-09-19T03:00:00Z,unplayed,Jiaqi Wang,Anastasia Kulikova,DraftKings,player_sets_won,Player Sets Won,EB0DAFED6C30936C,Jiaqi Wang,jiaqi_wang,under,0.5,140,True,jiaqi_wang:0.5,32589-28433-2026-37:draftkings:player_sets_won:jiaqi_wang_under_0_5,1789775424.8892307,2026-09-18T23:50:24Z
2026-09-19T03:03:08Z,202609197697508D,20280-39755-2026-37,wta,"Seoul, Korea Republic",2026-09-19T04:25:00Z,unplayed,Xinxin Yao,Priscilla Hon,DraftKings,player_games_won,Player Games Won,F7642EC3AFEB,Priscilla Hon,priscilla_hon,over,12.5,100,True,priscilla_hon:12.5,20280-39755-2026-37:draftkings:player_games_won:priscilla_hon_over_12_5,1789775934.9553714,2026-09-18T23:58:54Z
2026-09-19T03:03:08Z,202609197697508D,20280-39755-2026-37,wta,"Seoul, Korea Republic",2026-09-19T04:25:00Z,unplayed,Xinxin Yao,Priscilla Hon,DraftKings,player_games_won,Player Games Won,F7642EC3AFEB,Priscilla Hon,priscilla_hon,under,12.5,-150,True,priscilla_hon:12.5,20280-39755-2026-37:draftkings:player_games_won:priscilla_hon_under_12_5,1789775934.9553714,2026-09-18T23:58:54Z
2026-09-19T03:03:08Z,202609197697508D,20280-39755-2026-37,wta,"Seoul, Korea Republic",2026-09-19T04:25:00Z,unplayed,Xinxin Yao,Priscilla Hon,DraftKings,player_games_won,Player Games Won,B2BD41172A76B1F2,Xinxin Yao,xinxin_yao,over,11.5,-150,True,xinxin_yao:11.5,20280-39755-2026-37:draftkings:player_games_won:xinxin_yao_over_11_5,1789776054.9749184,2026-09-19T00:00:54Z
2026-09-19T03:03:08Z,202609197697508D,20280-39755-2026-37,wta,"Seoul, Korea Republic",2026-09-19T04:25:00Z,unplayed,Xinxin Yao,Priscilla Hon,DraftKings,player_games_won,Player Games Won,B2BD41172A76B1F2,Xinxin Yao,xinxin_yao,under,11.5,100,True,xinxin_yao:11.5,20280-39755-2026-37:draftkings:player_games_won:xinxin_yao_under_11_5,1789776054.9749184,2026-09-19T00:00:54Z
2026-09-19T03:03:08Z,202609197697508D,20280-39755-2026-37,wta,"Seoul, Korea Republic",2026-09-19T04:25:00Z,unplayed,Xinxin Yao,Priscilla Hon,DraftKings,player_sets_won,Player Sets Won,F7642EC3AFEB,Priscilla Hon,priscilla_hon,over,0.5,-450,True,priscilla_hon:0.5,20280-39755-2026-37:draftkings:player_sets_won:priscilla_hon_over_0_5,1789776054.9749184,2026-09-19T00:00:54Z
2026-09-19T03:03:08Z,202609197697508D,20280-39755-2026-37,wta,"Seoul, Korea Republic",2026-09-19T04:25:00Z,unplayed,Xinxin Yao,Priscilla Hon,DraftKings,player_sets_won,Player Sets Won,F7642EC3AFEB,Priscilla Hon,priscilla_hon,under,0.5,300,True,priscilla_hon:0.5,20280-39755-2026-37:draftkings:player_sets_won:priscilla_hon_under_0_5,1789776054.9749184,2026-09-19T00:00:54Z
2026-09-19T03:03:08Z,202609197697508D,20280-39755-2026-37,wta,"Seoul, Korea Republic",2026-09-19T04:25:00Z,unplayed,Xinxin Yao,Priscilla Hon,DraftKings,player_sets_won,Player Sets Won,B2BD41172A76B1F2,Xinxin Yao,xinxin_yao,over,0.5,-200,True,xinxin_yao:0.5,20280-39755-2026-37:draftkings:player_sets_won:xinxin_yao_over_0_5,1789776054.9749184,2026-09-19T00:00:54Z
2026-09-19T03:03:08Z,202609197697508D,20280-39755-2026-37,wta,"Seoul, Korea Republic",2026-09-19T04:25:00Z,unplayed,Xinxin Yao,Priscilla Hon,DraftKings,player_sets_won,Player Sets Won,B2BD41172A76B1F2,Xinxin Yao,xinxin_yao,under,0.5,135,True,xinxin_yao:0.5,20280-39755-2026-37:draftkings:player_sets_won:xinxin_yao_under_0_5,1789776054.9749184,2026-09-19T00:00:54Z
2026-09-19T03:03:08Z,2026091982077F08,16702-12825-2026-37,wta,"Singapore, Singapore",2026-09-19T04:10:00Z,unplayed,Aoi Ito,Sofya Lansere,DraftKings,player_games_won,Player Games Won,DED58F833DD7A261,Aoi Ito,aoi_ito,over,12.5,110,True,aoi_ito:12.5,16702-12825-2026-37:draftkings:player_games_won:aoi_ito_over_12_5,1789753092.4372654,2026-09-18T17:38:12Z
2026-09-19T03:03:08Z,2026091982077F08,16702-12825-2026-37,wta,"Singapore, Singapore",2026-09-19T04:10:00Z,unplayed,Aoi Ito,Sofya Lansere,DraftKings,player_games_won,Player Games Won,DED58F833DD7A261,Aoi Ito,aoi_ito,under,12.5,-165,True,aoi_ito:12.5,16702-12825-2026-37:draftkings:player_games_won:aoi_ito_under_12_5,1789753092.4372654,2026-09-18T17:38:12Z
2026-09-19T03:03:08Z,2026091982077F08,16702-12825-2026-37,wta,"Singapore, Singapore",2026-09-19T04:10:00Z,unplayed,Aoi Ito,Sofya Lansere,DraftKings,player_games_won,Player Games Won,DF3F0B524AA5,Sofya Lansere,sofya_lansere,over,10.5,-125,True,sofya_lansere:10.5,16702-12825-2026-37:draftkings:player_games_won:sofya_lansere_over_10_5,1789780204.8245785,2026-09-19T01:10:04Z
2026-09-19T03:03:08Z,2026091982077F08,16702-12825-2026-37,wta,"Singapore, Singapore",2026-09-19T04:10:00Z,unplayed,Aoi Ito,Sofya Lansere,DraftKings,player_games_won,Player Games Won,DF3F0B524AA5,Sofya Lansere,sofya_lansere,under,10.5,-115,True,sofya_lansere:10.5,16702-12825-2026-37:draftkings:player_games_won:sofya_lansere_under_10_5,1789780204.8245785,2026-09-19T01:10:04Z
2026-09-19T03:03:08Z,2026091982077F08,16702-12825-2026-37,wta,"Singapore, Singapore",2026-09-19T04:10:00Z,unplayed,Aoi Ito,Sofya Lansere,DraftKings,player_sets_won,Player Sets Won,DED58F833DD7A261,Aoi Ito,aoi_ito,over,0.5,-525,True,aoi_ito:0.5,16702-12825-2026-37:draftkings:player_sets_won:aoi_ito_over_0_5,1789780204.8245785,2026-09-19T01:10:04Z
2026-09-19T03:03:08Z,2026091982077F08,16702-12825-2026-37,wta,"Singapore, Singapore",2026-09-19T04:10:00Z,unplayed,Aoi Ito,Sofya Lansere,DraftKings,player_sets_won,Player Sets Won,DED58F833DD7A261,Aoi Ito,aoi_ito,under,0.5,350,True,aoi_ito:0.5,16702-12825-2026-37:draftkings:player_sets_won:aoi_ito_under_0_5,1789780204.8245785,2026-09-19T01:10:04Z
2026-09-19T03:03:08Z,2026091982077F08,16702-12825-2026-37,wta,"Singapore, Singapore",2026-09-19T04:10:00Z,unplayed,Aoi Ito,Sofya Lansere,DraftKings,player_sets_won,Player Sets Won,DF3F0B524AA5,Sofya Lansere,sofya_lansere,over,0.5,-140,True,sofya_lansere:0.5,16702-12825-2026-37:draftkings:player_sets_won:sofya_lansere_over_0_5,1789780204.8245785,2026-09-19T01:10:04Z
2026-09-19T03:03:08Z,2026091982077F08,16702-12825-2026-37,wta,"Singapore, Singapore",2026-09-19T04:10:00Z,unplayed,Aoi Ito,Sofya Lansere,DraftKings,player_sets_won,Player Sets Won,DF3F0B524AA5,Sofya Lansere,sofya_lansere,under,0.5,100,True,sofya_lansere:0.5,16702-12825-2026-37:draftkings:player_sets_won:sofya_lansere_under_0_5,1789780204.8245785,2026-09-19T01:10:04Z
2026-09-19T03:03:08Z,20260919866137F9,94052-33889-2026-37,wta,"Sao Paulo, Brazil",2026-09-19T16:00:00Z,unplayed,Kaitlin Quevedo,Anna Blinkova,BetMGM,player_sets_won,Player Sets Won,A1E0C3D3DCF1,Anna Blinkova,anna_blinkova,over,0.5,-425,True,anna_blinkova:0.5,94052-33889-2026-37:betmgm:player_sets_won:anna_blinkova_over_0_5,1789777315.997119,2026-09-19T00:21:55Z
2026-09-19T03:03:08Z,20260919866137F9,94052-33889-2026-37,wta,"Sao Paulo, Brazil",2026-09-19T16:00:00Z,unplayed,Kaitlin Quevedo,Anna Blinkova,BetMGM,player_sets_won,Player Sets Won,A1E0C3D3DCF1,Anna Blinkova,anna_blinkova,under,0.5,250,True,anna_blinkova:0.5,94052-33889-2026-37:betmgm:player_sets_won:anna_blinkova_under_0_5,1789777315.997119,2026-09-19T00:21:55Z
2026-09-19T03:03:08Z,20260919866137F9,94052-33889-2026-37,wta,"Sao Paulo, Brazil",2026-09-19T16:00:00Z,unplayed,Kaitlin Quevedo,Anna Blinkova,BetMGM,player_sets_won,Player Sets Won,635381F93957A087,Kaitlin Quevedo,kaitlin_quevedo,over,0.5,-200,True,kaitlin_quevedo:0.5,94052-33889-2026-37:betmgm:player_sets_won:kaitlin_quevedo_over_0_5,1789777315.997119,2026-09-19T00:21:55Z
2026-09-19T03:03:08Z,20260919866137F9,94052-33889-2026-37,wta,"Sao Paulo, Brazil",2026-09-19T16:00:00Z,unplayed,Kaitlin Quevedo,Anna Blinkova,BetMGM,player_sets_won,Player Sets Won,635381F93957A087,Kaitlin Quevedo,kaitlin_quevedo,under,0.5,135,True,kaitlin_quevedo:0.5,94052-33889-2026-37:betmgm:player_sets_won:kaitlin_quevedo_under_0_5,1789777315.997119,2026-09-19T00:21:55Z
2026-09-19T03:03:08Z,20260919866137F9,94052-33889-2026-37,wta,"Sao Paulo, Brazil",2026-09-19T16:00:00Z,unplayed,Kaitlin Quevedo,Anna Blinkova,DraftKings,player_break_points_won,Player Break Points Won,A1E0C3D3DCF1,Anna Blinkova,anna_blinkova,under,0.5,1300,True,anna_blinkova:0.5,94052-33889-2026-37:draftkings:player_break_points_won:anna_blinkova_under_0_5,1789773384.709701,2026-09-18T23:16:24Z
2026-09-19T03:03:08Z,20260919866137F9,94052-33889-2026-37,wta,"Sao Paulo, Brazil",2026-09-19T16:00:00Z,unplayed,Kaitlin Quevedo,Anna Blinkova,DraftKings,player_break_points_won,Player Break Points Won,635381F93957A087,Kaitlin Quevedo,kaitlin_quevedo,under,0.5,750,True,kaitlin_quevedo:0.5,94052-33889-2026-37:draftkings:player_break_points_won:kaitlin_quevedo_under_0_5,1789773234.7932646,2026-09-18T23:13:54Z
2026-09-19T03:03:08Z,20260919866137F9,94052-33889-2026-37,wta,"Sao Paulo, Brazil",2026-09-19T16:00:00Z,unplayed,Kaitlin Quevedo,Anna Blinkova,DraftKings,player_games_won,Player Games Won,A1E0C3D3DCF1,Anna Blinkova,anna_blinkova,over,12.5,110,True,anna_blinkova:12.5,94052-33889-2026-37:draftkings:player_games_won:anna_blinkova_over_12_5,1789773384.709701,2026-09-18T23:16:24Z
2026-09-19T03:03:08Z,20260919866137F9,94052-33889-2026-37,wta,"Sao Paulo, Brazil",2026-09-19T16:00:00Z,unplayed,Kaitlin Quevedo,Anna Blinkova,DraftKings,player_games_won,Player Games Won,A1E0C3D3DCF1,Anna Blinkova,anna_blinkova,under,12.5,-165,True,anna_blinkova:12.5,94052-33889-2026-37:draftkings:player_games_won:anna_blinkova_under_12_5,1789773384.709701,2026-09-18T23:16:24Z
2026-09-19T03:03:08Z,20260919866137F9,94052-33889-2026-37,wta,"Sao Paulo, Brazil",2026-09-19T16:00:00Z,unplayed,Kaitlin Quevedo,Anna Blinkova,DraftKings,player_games_won,Player Games Won,635381F93957A087,Kaitlin Quevedo,kaitlin_quevedo,over,11.5,-150,True,kaitlin_quevedo:11.5,94052-33889-2026-37:draftkings:player_games_won:kaitlin_quevedo_over_11_5,1789773384.709701,2026-09-18T23:16:24Z
2026-09-19T03:03:08Z,20260919866137F9,94052-33889-2026-37,wta,"Sao Paulo, Brazil",2026-09-19T16:00:00Z,unplayed,Kaitlin Quevedo,Anna Blinkova,DraftKings,player_games_won,Player Games Won,635381F93957A087,Kaitlin Quevedo,kaitlin_quevedo,under,11.5,105,True,kaitlin_quevedo:11.5,94052-33889-2026-37:draftkings:player_games_won:kaitlin_quevedo_under_11_5,1789773384.709701,2026-09-18T23:16:24Z
2026-09-19T03:03:08Z,20260919866137F9,94052-33889-2026-37,wta,"Sao Paulo, Brazil",2026-09-19T16:00:00Z,unplayed,Kaitlin Quevedo,Anna Blinkova,DraftKings,player_sets_won,Player Sets Won,A1E0C3D3DCF1,Anna Blinkova,anna_blinkova,over,0.5,-400,True,anna_blinkova:0.5,94052-33889-2026-37:draftkings:player_sets_won:anna_blinkova_over_0_5,1789773384.709701,2026-09-18T23:16:24Z
2026-09-19T03:03:08Z,20260919866137F9,94052-33889-2026-37,wta,"Sao Paulo, Brazil",2026-09-19T16:00:00Z,unplayed,Kaitlin Quevedo,Anna Blinkova,DraftKings,player_sets_won,Player Sets Won,A1E0C3D3DCF1,Anna Blinkova,anna_blinkova,under,0.5,270,True,anna_blinkova:0.5,94052-33889-2026-37:draftkings:player_sets_won:anna_blinkova_under_0_5,1789773384.709701,2026-09-18T23:16:24Z
2026-09-19T03:03:08Z,20260919866137F9,94052-33889-2026-37,wta,"Sao Paulo, Brazil",2026-09-19T16:00:00Z,unplayed,Kaitlin Quevedo,Anna Blinkova,DraftKings,player_sets_won,Player Sets Won,635381F93957A087,Kaitlin Quevedo,kaitlin_quevedo,over,0.5,-200,True,kaitlin_quevedo:0.5,94052-33889-2026-37:draftkings:player_sets_won:kaitlin_quevedo_over_0_5,1789773384.709701,2026-09-18T23:16:24Z
2026-09-19T03:03:08Z,20260919866137F9,94052-33889-2026-37,wta,"Sao Paulo, Brazil",2026-09-19T16:00:00Z,unplayed,Kaitlin Quevedo,Anna Blinkova,DraftKings,player_sets_won,Player Sets Won,635381F93957A087,Kaitlin Quevedo,kaitlin_quevedo,under,0.5,135,True,kaitlin_quevedo:0.5,94052-33889-2026-37:draftkings:player_sets_won:kaitlin_quevedo_under_0_5,1789773384.709701,2026-09-18T23:16:24Z
2026-09-19T03:03:08Z,202609198E2372E7,42850-66868-2026-37,wta,"Singapore, Singapore",2026-09-19T06:30:00Z,unplayed,Mei Yamaguchi,Ulrikke Eikeri,DraftKings,player_games_won,Player Games Won,201B5086C1B01CD9,Mei Yamaguchi,mei_yamaguchi,over,12.5,125,True,mei_yamaguchi:12.5,42850-66868-2026-37:draftkings:player_games_won:mei_yamaguchi_over_12_5,1789786894.8677807,2026-09-19T03:01:34Z
2026-09-19T03:03:08Z,202609198E2372E7,42850-66868-2026-37,wta,"Singapore, Singapore",2026-09-19T06:30:00Z,unplayed,Mei Yamaguchi,Ulrikke Eikeri,DraftKings,player_games_won,Player Games Won,201B5086C1B01CD9,Mei Yamaguchi,mei_yamaguchi,under,12.5,-185,True,mei_yamaguchi:12.5,42850-66868-2026-37:draftkings:player_games_won:mei_yamaguchi_under_12_5,1789786894.8677807,2026-09-19T03:01:34Z
2026-09-19T03:03:08Z,202609198E2372E7,42850-66868-2026-37,wta,"Singapore, Singapore",2026-09-19T06:30:00Z,unplayed,Mei Yamaguchi,Ulrikke Eikeri,DraftKings,player_games_won,Player Games Won,0512406B27C9,Ulrikke Eikeri,ulrikke_eikeri,over,6.5,-140,True,ulrikke_eikeri:6.5,42850-66868-2026-37:draftkings:player_games_won:ulrikke_eikeri_over_6_5,1789786894.8677807,2026-09-19T03:01:34Z
2026-09-19T03:03:08Z,202609198E2372E7,42850-66868-2026-37,wta,"Singapore, Singapore",2026-09-19T06:30:00Z,unplayed,Mei Yamaguchi,Ulrikke Eikeri,DraftKings,player_games_won,Player Games Won,0512406B27C9,Ulrikke Eikeri,ulrikke_eikeri,under,6.5,-105,True,ulrikke_eikeri:6.5,42850-66868-2026-37:draftkings:player_games_won:ulrikke_eikeri_under_6_5,1789786894.8677807,2026-09-19T03:01:34Z
2026-09-19T03:03:08Z,202609198E2372E7,42850-66868-2026-37,wta,"Singapore, Singapore",2026-09-19T06:30:00Z,unplayed,Mei Yamaguchi,Ulrikke Eikeri,DraftKings,player_sets_won,Player Sets Won,201B5086C1B01CD9,Mei Yamaguchi,mei_yamaguchi,over,0.5,-2000,True,mei_yamaguchi:0.5,42850-66868-2026-37:draftkings:player_sets_won:mei_yamaguchi_over_0_5,1789785884.6585188,2026-09-19T02:44:44Z
2026-09-19T03:03:08Z,202609198E2372E7,42850-66868-2026-37,wta,"Singapore, Singapore",2026-09-19T06:30:00Z,unplayed,Mei Yamaguchi,Ulrikke Eikeri,DraftKings,player_sets_won,Player Sets Won,201B5086C1B01CD9,Mei Yamaguchi,mei_yamaguchi,under,0.5,850,True,mei_yamaguchi:0.5,42850-66868-2026-37:draftkings:player_sets_won:mei_yamaguchi_under_0_5,1789786894.8677807,2026-09-19T03:01:34Z
2026-09-19T03:03:08Z,202609198E2372E7,42850-66868-2026-37,wta,"Singapore, Singapore",2026-09-19T06:30:00Z,unplayed,Mei Yamaguchi,Ulrikke Eikeri,DraftKings,player_sets_won,Player Sets Won,0512406B27C9,Ulrikke Eikeri,ulrikke_eikeri,over,0.5,150,True,ulrikke_eikeri:0.5,42850-66868-2026-37:draftkings:player_sets_won:ulrikke_eikeri_over_0_5,1789786894.8677807,2026-09-19T03:01:34Z
2026-09-19T03:03:08Z,202609198E2372E7,42850-66868-2026-37,wta,"Singapore, Singapore",2026-09-19T06:30:00Z,unplayed,Mei Yamaguchi,Ulrikke Eikeri,DraftKings,player_sets_won,Player Sets Won,0512406B27C9,Ulrikke Eikeri,ulrikke_eikeri,under,0.5,-215,True,ulrikke_eikeri:0.5,42850-66868-2026-37:draftkings:player_sets_won:ulrikke_eikeri_under_0_5,1789786894.8677807,2026-09-19T03:01:34Z
2026-09-19T03:03:08Z,202609199C4C78E4,12166-34960-2026-37,wta,"Seoul, Korea Republic",2026-09-19T05:00:00Z,unplayed,Alevtina Ibragimova,Rina Saigo,DraftKings,player_games_won,Player Games Won,7CD7E91EC3A1,Alevtina Ibragimova,alevtina_ibragimova,over,12.5,105,True,alevtina_ibragimova:12.5,12166-34960-2026-37:draftkings:player_games_won:alevtina_ibragimova_over_12_5,1789779605.0164986,2026-09-19T01:00:05Z
2026-09-19T03:03:08Z,202609199C4C78E4,12166-34960-2026-37,wta,"Seoul, Korea Republic",2026-09-19T05:00:00Z,unplayed,Alevtina Ibragimova,Rina Saigo,DraftKings,player_games_won,Player Games Won,7CD7E91EC3A1,Alevtina Ibragimova,alevtina_ibragimova,under,12.5,-165,True,alevtina_ibragimova:12.5,12166-34960-2026-37:draftkings:player_games_won:alevtina_ibragimova_under_12_5,1789779605.0164986,2026-09-19T01:00:05Z
2026-09-19T03:03:08Z,202609199C4C78E4,12166-34960-2026-37,wta,"Seoul, Korea Republic",2026-09-19T05:00:00Z,unplayed,Alevtina Ibragimova,Rina Saigo,DraftKings,player_games_won,Player Games Won,9334B95612061B14,Rina Saigo,rina_saigo,over,8.5,-130,True,rina_saigo:8.5,12166-34960-2026-37:draftkings:player_games_won:rina_saigo_over_8_5,1789779605.016494,2026-09-19T01:00:05Z
2026-09-19T03:03:08Z,202609199C4C78E4,12166-34960-2026-37,wta,"Seoul, Korea Republic",2026-09-19T05:00:00Z,unplayed,Alevtina Ibragimova,Rina Saigo,DraftKings,player_games_won,Player Games Won,9334B95612061B14,Rina Saigo,rina_saigo,under,8.5,-115,True,rina_saigo:8.5,12166-34960-2026-37:draftkings:player_games_won:rina_saigo_under_8_5,1789779605.016494,2026-09-19T01:00:05Z
2026-09-19T03:03:08Z,202609199C4C78E4,12166-34960-2026-37,wta,"Seoul, Korea Republic",2026-09-19T05:00:00Z,unplayed,Alevtina Ibragimova,Rina Saigo,DraftKings,player_sets_won,Player Sets Won,7CD7E91EC3A1,Alevtina Ibragimova,alevtina_ibragimova,over,0.5,-900,True,alevtina_ibragimova:0.5,12166-34960-2026-37:draftkings:player_sets_won:alevtina_ibragimova_over_0_5,1789776194.582414,2026-09-19T00:03:14Z
2026-09-19T03:03:08Z,202609199C4C78E4,12166-34960-2026-37,wta,"Seoul, Korea Republic",2026-09-19T05:00:00Z,unplayed,Alevtina Ibragimova,Rina Saigo,DraftKings,player_sets_won,Player Sets Won,7CD7E91EC3A1,Alevtina Ibragimova,alevtina_ibragimova,under,0.5,550,True,alevtina_ibragimova:0.5,12166-34960-2026-37:draftkings:player_sets_won:alevtina_ibragimova_under_0_5,1789772075.0243838,2026-09-18T22:54:35Z
2026-09-19T03:03:08Z,202609199C4C78E4,12166-34960-2026-37,wta,"Seoul, Korea Republic",2026-09-19T05:00:00Z,unplayed,Alevtina Ibragimova,Rina Saigo,DraftKings,player_sets_won,Player Sets Won,9334B95612061B14,Rina Saigo,rina_saigo,over,0.5,-105,True,rina_saigo:0.5,12166-34960-2026-37:draftkings:player_sets_won:rina_saigo_over_0_5,1789779605.0164986,2026-09-19T01:00:05Z
2026-09-19T03:03:08Z,202609199C4C78E4,12166-34960-2026-37,wta,"Seoul, Korea Republic",2026-09-19T05:00:00Z,unplayed,Alevtina Ibragimova,Rina Saigo,DraftKings,player_sets_won,Player Sets Won,9334B95612061B14,Rina Saigo,rina_saigo,under,0.5,-135,True,rina_saigo:0.5,12166-34960-2026-37:draftkings:player_sets_won:rina_saigo_under_0_5,1789779605.0164986,2026-09-19T01:00:05Z
2026-09-19T03:03:08Z,20260919D965CA46,41921-77778-2026-37,wta,"Seoul, Korea Republic",2026-09-19T03:05:00Z,unplayed,Mai Hontama,Eunhye Lee,DraftKings,player_games_won,Player Games Won,942B0E7BF543CCF0,Eunhye Lee,eunhye_lee,over,8.5,-115,True,eunhye_lee:8.5,41921-77778-2026-37:draftkings:player_games_won:eunhye_lee_over_8_5,1789776424.6344154,2026-09-19T00:07:04Z
2026-09-19T03:03:08Z,20260919D965CA46,41921-77778-2026-37,wta,"Seoul, Korea Republic",2026-09-19T03:05:00Z,unplayed,Mai Hontama,Eunhye Lee,DraftKings,player_games_won,Player Games Won,942B0E7BF543CCF0,Eunhye Lee,eunhye_lee,under,8.5,-125,True,eunhye_lee:8.5,41921-77778-2026-37:draftkings:player_games_won:eunhye_lee_under_8_5,1789776424.6344154,2026-09-19T00:07:04Z
2026-09-19T03:03:08Z,20260919D965CA46,41921-77778-2026-37,wta,"Seoul, Korea Republic",2026-09-19T03:05:00Z,unplayed,Mai Hontama,Eunhye Lee,DraftKings,player_games_won,Player Games Won,63C997CF118B,Mai Hontama,mai_hontama,over,12.5,110,True,mai_hontama:12.5,41921-77778-2026-37:draftkings:player_games_won:mai_hontama_over_12_5,1789776424.6344154,2026-09-19T00:07:04Z
2026-09-19T03:03:08Z,20260919D965CA46,41921-77778-2026-37,wta,"Seoul, Korea Republic",2026-09-19T03:05:00Z,unplayed,Mai Hontama,Eunhye Lee,DraftKings,player_games_won,Player Games Won,63C997CF118B,Mai Hontama,mai_hontama,under,12.5,-165,True,mai_hontama:12.5,41921-77778-2026-37:draftkings:player_games_won:mai_hontama_under_12_5,1789776424.6344154,2026-09-19T00:07:04Z
2026-09-19T03:03:08Z,20260919D965CA46,41921-77778-2026-37,wta,"Seoul, Korea Republic",2026-09-19T03:05:00Z,unplayed,Mai Hontama,Eunhye Lee,DraftKings,player_sets_won,Player Sets Won,942B0E7BF543CCF0,Eunhye Lee,eunhye_lee,over,0.5,105,True,eunhye_lee:0.5,41921-77778-2026-37:draftkings:player_sets_won:eunhye_lee_over_0_5,1789776424.6344154,2026-09-19T00:07:04Z
2026-09-19T03:03:08Z,20260919D965CA46,41921-77778-2026-37,wta,"Seoul, Korea Republic",2026-09-19T03:05:00Z,unplayed,Mai Hontama,Eunhye Lee,DraftKings,player_sets_won,Player Sets Won,942B0E7BF543CCF0,Eunhye Lee,eunhye_lee,under,0.5,-150,True,eunhye_lee:0.5,41921-77778-2026-37:draftkings:player_sets_won:eunhye_lee_under_0_5,1789776424.6344154,2026-09-19T00:07:04Z
2026-09-19T03:03:08Z,20260919D965CA46,41921-77778-2026-37,wta,"Seoul, Korea Republic",2026-09-19T03:05:00Z,unplayed,Mai Hontama,Eunhye Lee,DraftKings,player_sets_won,Player Sets Won,63C997CF118B,Mai Hontama,mai_hontama,over,0.5,-1100,True,mai_hontama:0.5,41921-77778-2026-37:draftkings:player_sets_won:mai_hontama_over_0_5,1789753092.4372654,2026-09-18T17:38:12Z
2026-09-19T03:03:08Z,20260919D965CA46,41921-77778-2026-37,wta,"Seoul, Korea Republic",2026-09-19T03:05:00Z,unplayed,Mai Hontama,Eunhye Lee,DraftKings,player_sets_won,Player Sets Won,63C997CF118B,Mai Hontama,mai_hontama,under,0.5,600,True,mai_hontama:0.5,41921-77778-2026-37:draftkings:player_sets_won:mai_hontama_under_0_5,1789776424.6344154,2026-09-19T00:07:04Z
2026-09-19T03:03:08Z,20260919DB6A4CD0,25741-37036-2026-37,wta,"Seoul, Korea Republic",2026-09-19T03:15:00Z,unplayed,Carol Zhao,YeXin Ma,DraftKings,player_games_won,Player Games Won,A5A6418E91B9,Carol Zhao,carol_zhao,over,9.5,-130,True,carol_zhao:9.5,25741-37036-2026-37:draftkings:player_games_won:carol_zhao_over_9_5,1789780215.229814,2026-09-19T01:10:15Z
2026-09-19T03:03:08Z,20260919DB6A4CD0,25741-37036-2026-37,wta,"Seoul, Korea Republic",2026-09-19T03:15:00Z,unplayed,Carol Zhao,YeXin Ma,DraftKings,player_games_won,Player Games Won,A5A6418E91B9,Carol Zhao,carol_zhao,under,9.5,-115,True,carol_zhao:9.5,25741-37036-2026-37:draftkings:player_games_won:carol_zhao_under_9_5,1789780215.229814,2026-09-19T01:10:15Z
2026-09-19T03:03:08Z,20260919DB6A4CD0,25741-37036-2026-37,wta,"Seoul, Korea Republic",2026-09-19T03:15:00Z,unplayed,Carol Zhao,YeXin Ma,DraftKings,player_games_won,Player Games Won,37A9DCA38D3B,YeXin Ma,yexin_ma,over,12.5,100,True,yexin_ma:12.5,25741-37036-2026-37:draftkings:player_games_won:yexin_ma_over_12_5,1789780215.2298186,2026-09-19T01:10:15Z
2026-09-19T03:03:08Z,20260919DB6A4CD0,25741-37036-2026-37,wta,"Seoul, Korea Republic",2026-09-19T03:15:00Z,unplayed,Carol Zhao,YeXin Ma,DraftKings,player_games_won,Player Games Won,37A9DCA38D3B,YeXin Ma,yexin_ma,under,12.5,-150,True,yexin_ma:12.5,25741-37036-2026-37:draftkings:player_games_won:yexin_ma_under_12_5,1789780215.2298186,2026-09-19T01:10:15Z
2026-09-19T03:03:08Z,20260919DB6A4CD0,25741-37036-2026-37,wta,"Seoul, Korea Republic",2026-09-19T03:15:00Z,unplayed,Carol Zhao,YeXin Ma,DraftKings,player_sets_won,Player Sets Won,A5A6418E91B9,Carol Zhao,carol_zhao,over,0.5,-125,True,carol_zhao:0.5,25741-37036-2026-37:draftkings:player_sets_won:carol_zhao_over_0_5,1789780215.2298186,2026-09-19T01:10:15Z
2026-09-19T03:03:08Z,20260919DB6A4CD0,25741-37036-2026-37,wta,"Seoul, Korea Republic",2026-09-19T03:15:00Z,unplayed,Carol Zhao,YeXin Ma,DraftKings,player_sets_won,Player Sets Won,A5A6418E91B9,Carol Zhao,carol_zhao,under,0.5,-110,True,carol_zhao:0.5,25741-37036-2026-37:draftkings:player_sets_won:carol_zhao_under_0_5,1789780215.2298186,2026-09-19T01:10:15Z
2026-09-19T03:03:08Z,20260919DB6A4CD0,25741-37036-2026-37,wta,"Seoul, Korea Republic",2026-09-19T03:15:00Z,unplayed,Carol Zhao,YeXin Ma,DraftKings,player_sets_won,Player Sets Won,37A9DCA38D3B,YeXin Ma,yexin_ma,over,0.5,-750,True,yexin_ma:0.5,25741-37036-2026-37:draftkings:player_sets_won:yexin_ma_over_0_5,1789776174.7044926,2026-09-19T00:02:54Z
2026-09-19T03:03:08Z,20260919DB6A4CD0,25741-37036-2026-37,wta,"Seoul, Korea Republic",2026-09-19T03:15:00Z,unplayed,Carol Zhao,YeXin Ma,DraftKings,player_sets_won,Player Sets Won,37A9DCA38D3B,YeXin Ma,yexin_ma,under,0.5,450,True,yexin_ma:0.5,25741-37036-2026-37:draftkings:player_sets_won:yexin_ma_under_0_5,1789776174.7044926,2026-09-19T00:02:54Z
2026-09-19T03:03:08Z,20260919E0078EC0,31706-38569-2026-37,wta,"Singapore, Singapore",2026-09-19T05:20:00Z,unplayed,Joanna Garland,Ellen Perez,DraftKings,player_games_won,Player Games Won,1DA6AD5F1A83C831,Ellen Perez,ellen_perez,over,5.5,-140,True,ellen_perez:5.5,31706-38569-2026-37:draftkings:player_games_won:ellen_perez_over_5_5,1789783174.5770118,2026-09-19T01:59:34Z
2026-09-19T03:03:08Z,20260919E0078EC0,31706-38569-2026-37,wta,"Singapore, Singapore",2026-09-19T05:20:00Z,unplayed,Joanna Garland,Ellen Perez,DraftKings,player_games_won,Player Games Won,1DA6AD5F1A83C831,Ellen Perez,ellen_perez,under,5.5,-105,True,ellen_perez:5.5,31706-38569-2026-37:draftkings:player_games_won:ellen_perez_under_5_5,1789783174.5770118,2026-09-19T01:59:34Z
2026-09-19T03:03:08Z,20260919E0078EC0,31706-38569-2026-37,wta,"Singapore, Singapore",2026-09-19T05:20:00Z,unplayed,Joanna Garland,Ellen Perez,DraftKings,player_games_won,Player Games Won,03E9EEFC9E646F72,Joanna Garland,joanna_garland,over,12.5,140,True,joanna_garland:12.5,31706-38569-2026-37:draftkings:player_games_won:joanna_garland_over_12_5,1789783174.5770118,2026-09-19T01:59:34Z
2026-09-19T03:03:08Z,20260919E0078EC0,31706-38569-2026-37,wta,"Singapore, Singapore",2026-09-19T05:20:00Z,unplayed,Joanna Garland,Ellen Perez,DraftKings,player_games_won,Player Games Won,03E9EEFC9E646F72,Joanna Garland,joanna_garland,under,12.5,-215,True,joanna_garland:12.5,31706-38569-2026-37:draftkings:player_games_won:joanna_garland_under_12_5,1789783174.5770118,2026-09-19T01:59:34Z
2026-09-19T03:03:08Z,20260919E0078EC0,31706-38569-2026-37,wta,"Singapore, Singapore",2026-09-19T05:20:00Z,unplayed,Joanna Garland,Ellen Perez,DraftKings,player_sets_won,Player Sets Won,1DA6AD5F1A83C831,Ellen Perez,ellen_perez,over,0.5,225,True,ellen_perez:0.5,31706-38569-2026-37:draftkings:player_sets_won:ellen_perez_over_0_5,1789783264.4745388,2026-09-19T02:01:04Z
2026-09-19T03:03:08Z,20260919E0078EC0,31706-38569-2026-37,wta,"Singapore, Singapore",2026-09-19T05:20:00Z,unplayed,Joanna Garland,Ellen Perez,DraftKings,player_sets_won,Player Sets Won,1DA6AD5F1A83C831,Ellen Perez,ellen_perez,under,0.5,-330,True,ellen_perez:0.5,31706-38569-2026-37:draftkings:player_sets_won:ellen_perez_under_0_5,1789783264.4745388,2026-09-19T02:01:04Z
2026-09-19T03:03:08Z,20260919E0078EC0,31706-38569-2026-37,wta,"Singapore, Singapore",2026-09-19T05:20:00Z,unplayed,Joanna Garland,Ellen Perez,DraftKings,player_sets_won,Player Sets Won,03E9EEFC9E646F72,Joanna Garland,joanna_garland,over,0.5,-5000,True,joanna_garland:0.5,31706-38569-2026-37:draftkings:player_sets_won:joanna_garland_over_0_5,1789783174.5770118,2026-09-19T01:59:34Z
2026-09-19T03:03:08Z,20260919E0078EC0,31706-38569-2026-37,wta,"Singapore, Singapore",2026-09-19T05:20:00Z,unplayed,Joanna Garland,Ellen Perez,DraftKings,player_sets_won,Player Sets Won,03E9EEFC9E646F72,Joanna Garland,joanna_garland,under,0.5,1700,True,joanna_garland:0.5,31706-38569-2026-37:draftkings:player_sets_won:joanna_garland_under_0_5,1789783264.4745388,2026-09-19T02:01:04Z
2026-09-20T03:02:23Z,20260920237B2EE3,38569-25511-2026-37,wta,"Singapore, Singapore",2026-09-20T05:10:00Z,unplayed,Joanna Garland,Viktoria Morvayova,DraftKings,player_games_won,Player Games Won,03E9EEFC9E646F72,Joanna Garland,joanna_garland,over,12.5,110,True,joanna_garland:12.5,38569-25511-2026-37:draftkings:player_games_won:joanna_garland_over_12_5,1789870615.6641998,2026-09-20T02:16:55Z
2026-09-20T03:02:23Z,20260920237B2EE3,38569-25511-2026-37,wta,"Singapore, Singapore",2026-09-20T05:10:00Z,unplayed,Joanna Garland,Viktoria Morvayova,DraftKings,player_games_won,Player Games Won,03E9EEFC9E646F72,Joanna Garland,joanna_garland,under,12.5,-165,True,joanna_garland:12.5,38569-25511-2026-37:draftkings:player_games_won:joanna_garland_under_12_5,1789870615.6641998,2026-09-20T02:16:55Z
2026-09-20T03:02:23Z,20260920237B2EE3,38569-25511-2026-37,wta,"Singapore, Singapore",2026-09-20T05:10:00Z,unplayed,Joanna Garland,Viktoria Morvayova,DraftKings,player_games_won,Player Games Won,19820EB4AAEE3B79,Viktoria Morvayova,viktoria_morvayova,over,8.5,-110,True,viktoria_morvayova:8.5,38569-25511-2026-37:draftkings:player_games_won:viktoria_morvayova_over_8_5,1789870615.6641998,2026-09-20T02:16:55Z
2026-09-20T03:02:23Z,20260920237B2EE3,38569-25511-2026-37,wta,"Singapore, Singapore",2026-09-20T05:10:00Z,unplayed,Joanna Garland,Viktoria Morvayova,DraftKings,player_games_won,Player Games Won,19820EB4AAEE3B79,Viktoria Morvayova,viktoria_morvayova,under,8.5,-135,True,viktoria_morvayova:8.5,38569-25511-2026-37:draftkings:player_games_won:viktoria_morvayova_under_8_5,1789870615.6641998,2026-09-20T02:16:55Z
2026-09-20T03:02:23Z,20260920237B2EE3,38569-25511-2026-37,wta,"Singapore, Singapore",2026-09-20T05:10:00Z,unplayed,Joanna Garland,Viktoria Morvayova,DraftKings,player_sets_won,Player Sets Won,03E9EEFC9E646F72,Joanna Garland,joanna_garland,over,0.5,-1100,True,joanna_garland:0.5,38569-25511-2026-37:draftkings:player_sets_won:joanna_garland_over_0_5,1789851474.713759,2026-09-19T20:57:54Z
2026-09-20T03:02:23Z,20260920237B2EE3,38569-25511-2026-37,wta,"Singapore, Singapore",2026-09-20T05:10:00Z,unplayed,Joanna Garland,Viktoria Morvayova,DraftKings,player_sets_won,Player Sets Won,03E9EEFC9E646F72,Joanna Garland,joanna_garland,under,0.5,650,True,joanna_garland:0.5,38569-25511-2026-37:draftkings:player_sets_won:joanna_garland_under_0_5,1789852274.9709506,2026-09-19T21:11:14Z
2026-09-20T03:02:23Z,20260920237B2EE3,38569-25511-2026-37,wta,"Singapore, Singapore",2026-09-20T05:10:00Z,unplayed,Joanna Garland,Viktoria Morvayova,DraftKings,player_sets_won,Player Sets Won,19820EB4AAEE3B79,Viktoria Morvayova,viktoria_morvayova,over,0.5,110,True,viktoria_morvayova:0.5,38569-25511-2026-37:draftkings:player_sets_won:viktoria_morvayova_over_0_5,1789852274.9709506,2026-09-19T21:11:14Z
2026-09-20T03:02:23Z,20260920237B2EE3,38569-25511-2026-37,wta,"Singapore, Singapore",2026-09-20T05:10:00Z,unplayed,Joanna Garland,Viktoria Morvayova,DraftKings,player_sets_won,Player Sets Won,19820EB4AAEE3B79,Viktoria Morvayova,viktoria_morvayova,under,0.5,-165,True,viktoria_morvayova:0.5,38569-25511-2026-37:draftkings:player_sets_won:viktoria_morvayova_under_0_5,1789852274.9709506,2026-09-19T21:11:14Z
2026-09-20T03:02:23Z,2026092037DA68E8,32589-42944-2026-37,wta,"Singapore, Singapore",2026-09-20T04:00:00Z,unplayed,Anna-Lena Friedsam,Anastasia Kulikova,DraftKings,player_games_won,Player Games Won,D1AA8672412EAEFC,Anastasia Kulikova,anastasia_kulikova,over,12.5,110,True,anastasia_kulikova:12.5,32589-42944-2026-37:draftkings:player_games_won:anastasia_kulikova_over_12_5,1789851554.9513888,2026-09-19T20:59:14Z
2026-09-20T03:02:23Z,2026092037DA68E8,32589-42944-2026-37,wta,"Singapore, Singapore",2026-09-20T04:00:00Z,unplayed,Anna-Lena Friedsam,Anastasia Kulikova,DraftKings,player_games_won,Player Games Won,D1AA8672412EAEFC,Anastasia Kulikova,anastasia_kulikova,under,12.5,-165,True,anastasia_kulikova:12.5,32589-42944-2026-37:draftkings:player_games_won:anastasia_kulikova_under_12_5,1789870745.3172529,2026-09-20T02:19:05Z
2026-09-20T03:02:23Z,2026092037DA68E8,32589-42944-2026-37,wta,"Singapore, Singapore",2026-09-20T04:00:00Z,unplayed,Anna-Lena Friedsam,Anastasia Kulikova,DraftKings,player_games_won,Player Games Won,672EDFC6B11C,Anna-Lena Friedsam,anna-lena_friedsam,over,12.5,100,True,anna-lena_friedsam:12.5,32589-42944-2026-37:draftkings:player_games_won:anna-lena_friedsam_over_12_5,1789851495.034492,2026-09-19T20:58:15Z
2026-09-20T03:02:23Z,2026092037DA68E8,32589-42944-2026-37,wta,"Singapore, Singapore",2026-09-20T04:00:00Z,unplayed,Anna-Lena Friedsam,Anastasia Kulikova,DraftKings,player_games_won,Player Games Won,672EDFC6B11C,Anna-Lena Friedsam,anna-lena_friedsam,under,12.5,-150,True,anna-lena_friedsam:12.5,32589-42944-2026-37:draftkings:player_games_won:anna-lena_friedsam_under_12_5,1789851464.989276,2026-09-19T20:57:44Z
2026-09-20T03:02:23Z,2026092037DA68E8,32589-42944-2026-37,wta,"Singapore, Singapore",2026-09-20T04:00:00Z,unplayed,Anna-Lena Friedsam,Anastasia Kulikova,DraftKings,player_sets_won,Player Sets Won,D1AA8672412EAEFC,Anastasia Kulikova,anastasia_kulikova,over,0.5,-240,True,anastasia_kulikova:0.5,32589-42944-2026-37:draftkings:player_sets_won:anastasia_kulikova_over_0_5,1789870745.3172529,2026-09-20T02:19:05Z
2026-09-20T03:02:23Z,2026092037DA68E8,32589-42944-2026-37,wta,"Singapore, Singapore",2026-09-20T04:00:00Z,unplayed,Anna-Lena Friedsam,Anastasia Kulikova,DraftKings,player_sets_won,Player Sets Won,D1AA8672412EAEFC,Anastasia Kulikova,anastasia_kulikova,under,0.5,160,True,anastasia_kulikova:0.5,32589-42944-2026-37:draftkings:player_sets_won:anastasia_kulikova_under_0_5,1789851554.9513907,2026-09-19T20:59:14Z
2026-09-20T03:02:23Z,2026092037DA68E8,32589-42944-2026-37,wta,"Singapore, Singapore",2026-09-20T04:00:00Z,unplayed,Anna-Lena Friedsam,Anastasia Kulikova,DraftKings,player_sets_won,Player Sets Won,672EDFC6B11C,Anna-Lena Friedsam,anna-lena_friedsam,over,0.5,-330,True,anna-lena_friedsam:0.5,32589-42944-2026-37:draftkings:player_sets_won:anna-lena_friedsam_over_0_5,1789851554.9513907,2026-09-19T20:59:14Z
2026-09-20T03:02:23Z,2026092037DA68E8,32589-42944-2026-37,wta,"Singapore, Singapore",2026-09-20T04:00:00Z,unplayed,Anna-Lena Friedsam,Anastasia Kulikova,DraftKings,player_sets_won,Player Sets Won,672EDFC6B11C,Anna-Lena Friedsam,anna-lena_friedsam,under,0.5,215,True,anna-lena_friedsam:0.5,32589-42944-2026-37:draftkings:player_sets_won:anna-lena_friedsam_under_0_5,1789870745.3172529,2026-09-20T02:19:05Z
2026-09-20T03:02:23Z,202609203F56D422,26003-39755-2026-37,wta,"Seoul, Korea Republic",2026-09-20T04:00:00Z,unplayed,Miho Kuramochi,Xinxin Yao,DraftKings,player_games_won,Player Games Won,4AB28E83FBDAE4C9,Miho Kuramochi,miho_kuramochi,over,10.5,-125,True,miho_kuramochi:10.5,26003-39755-2026-37:draftkings:player_games_won:miho_kuramochi_over_10_5,1789872964.8224638,2026-09-20T02:56:04Z
2026-09-20T03:02:23Z,202609203F56D422,26003-39755-2026-37,wta,"Seoul, Korea Republic",2026-09-20T04:00:00Z,unplayed,Miho Kuramochi,Xinxin Yao,DraftKings,player_games_won,Player Games Won,4AB28E83FBDAE4C9,Miho Kuramochi,miho_kuramochi,under,10.5,-120,True,miho_kuramochi:10.5,26003-39755-2026-37:draftkings:player_games_won:miho_kuramochi_under_10_5,1789872964.8224638,2026-09-20T02:56:04Z
2026-09-20T03:02:23Z,202609203F56D422,26003-39755-2026-37,wta,"Seoul, Korea Republic",2026-09-20T04:00:00Z,unplayed,Miho Kuramochi,Xinxin Yao,DraftKings,player_games_won,Player Games Won,B2BD41172A76B1F2,Xinxin Yao,xinxin_yao,over,12.5,125,True,xinxin_yao:12.5,26003-39755-2026-37:draftkings:player_games_won:xinxin_yao_over_12_5,1789826874.6503904,2026-09-19T14:07:54Z
2026-09-20T03:02:23Z,202609203F56D422,26003-39755-2026-37,wta,"Seoul, Korea Republic",2026-09-20T04:00:00Z,unplayed,Miho Kuramochi,Xinxin Yao,DraftKings,player_games_won,Player Games Won,B2BD41172A76B1F2,Xinxin Yao,xinxin_yao,under,12.5,-200,True,xinxin_yao:12.5,26003-39755-2026-37:draftkings:player_games_won:xinxin_yao_under_12_5,1789826874.6503904,2026-09-19T14:07:54Z
2026-09-20T03:02:23Z,202609203F56D422,26003-39755-2026-37,wta,"Seoul, Korea Republic",2026-09-20T04:00:00Z,unplayed,Miho Kuramochi,Xinxin Yao,DraftKings,player_sets_won,Player Sets Won,4AB28E83FBDAE4C9,Miho Kuramochi,miho_kuramochi,over,0.5,-135,True,miho_kuramochi:0.5,26003-39755-2026-37:draftkings:player_sets_won:miho_kuramochi_over_0_5,1789872964.8224666,2026-09-20T02:56:04Z
2026-09-20T03:02:23Z,202609203F56D422,26003-39755-2026-37,wta,"Seoul, Korea Republic",2026-09-20T04:00:00Z,unplayed,Miho Kuramochi,Xinxin Yao,DraftKings,player_sets_won,Player Sets Won,4AB28E83FBDAE4C9,Miho Kuramochi,miho_kuramochi,under,0.5,-105,True,miho_kuramochi:0.5,26003-39755-2026-37:draftkings:player_sets_won:miho_kuramochi_under_0_5,1789872964.8224666,2026-09-20T02:56:04Z
2026-09-20T03:02:23Z,202609203F56D422,26003-39755-2026-37,wta,"Seoul, Korea Republic",2026-09-20T04:00:00Z,unplayed,Miho Kuramochi,Xinxin Yao,DraftKings,player_sets_won,Player Sets Won,B2BD41172A76B1F2,Xinxin Yao,xinxin_yao,over,0.5,-500,True,xinxin_yao:0.5,26003-39755-2026-37:draftkings:player_sets_won:xinxin_yao_over_0_5,1789872964.8224666,2026-09-20T02:56:04Z
2026-09-20T03:02:23Z,202609203F56D422,26003-39755-2026-37,wta,"Seoul, Korea Republic",2026-09-20T04:00:00Z,unplayed,Miho Kuramochi,Xinxin Yao,DraftKings,player_sets_won,Player Sets Won,B2BD41172A76B1F2,Xinxin Yao,xinxin_yao,under,0.5,320,True,xinxin_yao:0.5,26003-39755-2026-37:draftkings:player_sets_won:xinxin_yao_under_0_5,1789872964.8224666,2026-09-20T02:56:04Z
2026-09-20T03:02:23Z,20260920B3BB0183,12166-34644-2026-37,wta,"Seoul, Korea Republic",2026-09-20T04:30:00Z,unplayed,Alevtina Ibragimova,Sara Saito,DraftKings,player_games_won,Player Games Won,7CD7E91EC3A1,Alevtina Ibragimova,alevtina_ibragimova,over,12.5,110,True,alevtina_ibragimova:12.5,12166-34644-2026-37:draftkings:player_games_won:alevtina_ibragimova_over_12_5,1789836145.2357347,2026-09-19T16:42:25Z
2026-09-20T03:02:23Z,20260920B3BB0183,12166-34644-2026-37,wta,"Seoul, Korea Republic",2026-09-20T04:30:00Z,unplayed,Alevtina Ibragimova,Sara Saito,DraftKings,player_games_won,Player Games Won,7CD7E91EC3A1,Alevtina Ibragimova,alevtina_ibragimova,under,12.5,-165,True,alevtina_ibragimova:12.5,12166-34644-2026-37:draftkings:player_games_won:alevtina_ibragimova_under_12_5,1789836145.2357347,2026-09-19T16:42:25Z
2026-09-20T03:02:23Z,20260920B3BB0183,12166-34644-2026-37,wta,"Seoul, Korea Republic",2026-09-20T04:30:00Z,unplayed,Alevtina Ibragimova,Sara Saito,DraftKings,player_games_won,Player Games Won,D50973562939,Sara Saito,sara_saito,over,9.5,-120,True,sara_saito:9.5,12166-34644-2026-37:draftkings:player_games_won:sara_saito_over_9_5,1789836145.2357347,2026-09-19T16:42:25Z
2026-09-20T03:02:23Z,20260920B3BB0183,12166-34644-2026-37,wta,"Seoul, Korea Republic",2026-09-20T04:30:00Z,unplayed,Alevtina Ibragimova,Sara Saito,DraftKings,player_games_won,Player Games Won,D50973562939,Sara Saito,sara_saito,under,9.5,-120,True,sara_saito:9.5,12166-34644-2026-37:draftkings:player_games_won:sara_saito_under_9_5,1789836145.2357347,2026-09-19T16:42:25Z
2026-09-20T03:02:23Z,20260920B3BB0183,12166-34644-2026-37,wta,"Seoul, Korea Republic",2026-09-20T04:30:00Z,unplayed,Alevtina Ibragimova,Sara Saito,DraftKings,player_sets_won,Player Sets Won,7CD7E91EC3A1,Alevtina Ibragimova,alevtina_ibragimova,over,0.5,-700,True,alevtina_ibragimova:0.5,12166-34644-2026-37:draftkings:player_sets_won:alevtina_ibragimova_over_0_5,1789836145.2357452,2026-09-19T16:42:25Z
2026-09-20T03:02:23Z,20260920B3BB0183,12166-34644-2026-37,wta,"Seoul, Korea Republic",2026-09-20T04:30:00Z,unplayed,Alevtina Ibragimova,Sara Saito,DraftKings,player_sets_won,Player Sets Won,7CD7E91EC3A1,Alevtina Ibragimova,alevtina_ibragimova,under,0.5,425,True,alevtina_ibragimova:0.5,12166-34644-2026-37:draftkings:player_sets_won:alevtina_ibragimova_under_0_5,1789836145.2357452,2026-09-19T16:42:25Z
2026-09-20T03:02:23Z,20260920B3BB0183,12166-34644-2026-37,wta,"Seoul, Korea Republic",2026-09-20T04:30:00Z,unplayed,Alevtina Ibragimova,Sara Saito,DraftKings,player_sets_won,Player Sets Won,D50973562939,Sara Saito,sara_saito,over,0.5,-115,True,sara_saito:0.5,12166-34644-2026-37:draftkings:player_sets_won:sara_saito_over_0_5,1789836145.2357452,2026-09-19T16:42:25Z
2026-09-20T03:02:23Z,20260920B3BB0183,12166-34644-2026-37,wta,"Seoul, Korea Republic",2026-09-20T04:30:00Z,unplayed,Alevtina Ibragimova,Sara Saito,DraftKings,player_sets_won,Player Sets Won,D50973562939,Sara Saito,sara_saito,under,0.5,-120,True,sara_saito:0.5,12166-34644-2026-37:draftkings:player_sets_won:sara_saito_under_0_5,1789836145.2357452,2026-09-19T16:42:25Z
2026-09-20T03:02:23Z,20260920D07576E4,16702-19263-2026-37,wta,"Singapore, Singapore",2026-09-20T04:00:00Z,unplayed,Nao Hibino,Aoi Ito,DraftKings,player_games_won,Player Games Won,DED58F833DD7A261,Aoi Ito,aoi_ito,over,12.5,-105,True,aoi_ito:12.5,16702-19263-2026-37:draftkings:player_games_won:aoi_ito_over_12_5,1789851504.8879802,2026-09-19T20:58:24Z
2026-09-20T03:02:23Z,20260920D07576E4,16702-19263-2026-37,wta,"Singapore, Singapore",2026-09-20T04:00:00Z,unplayed,Nao Hibino,Aoi Ito,DraftKings,player_games_won,Player Games Won,DED58F833DD7A261,Aoi Ito,aoi_ito,under,12.5,-140,True,aoi_ito:12.5,16702-19263-2026-37:draftkings:player_games_won:aoi_ito_under_12_5,1789851504.8879802,2026-09-19T20:58:24Z
2026-09-20T03:02:23Z,20260920D07576E4,16702-19263-2026-37,wta,"Singapore, Singapore",2026-09-20T04:00:00Z,unplayed,Nao Hibino,Aoi Ito,DraftKings,player_games_won,Player Games Won,EC210B45F47F,Nao Hibino,nao_hibino,over,12.5,110,True,nao_hibino:12.5,16702-19263-2026-37:draftkings:player_games_won:nao_hibino_over_12_5,1789851504.8879802,2026-09-19T20:58:24Z
2026-09-20T03:02:23Z,20260920D07576E4,16702-19263-2026-37,wta,"Singapore, Singapore",2026-09-20T04:00:00Z,unplayed,Nao Hibino,Aoi Ito,DraftKings,player_games_won,Player Games Won,EC210B45F47F,Nao Hibino,nao_hibino,under,12.5,-165,True,nao_hibino:12.5,16702-19263-2026-37:draftkings:player_games_won:nao_hibino_under_12_5,1789851504.8879802,2026-09-19T20:58:24Z
2026-09-20T03:02:23Z,20260920D07576E4,16702-19263-2026-37,wta,"Singapore, Singapore",2026-09-20T04:00:00Z,unplayed,Nao Hibino,Aoi Ito,DraftKings,player_sets_won,Player Sets Won,DED58F833DD7A261,Aoi Ito,aoi_ito,over,0.5,-330,True,aoi_ito:0.5,16702-19263-2026-37:draftkings:player_sets_won:aoi_ito_over_0_5,1789851504.8879802,2026-09-19T20:58:24Z
2026-09-20T03:02:23Z,20260920D07576E4,16702-19263-2026-37,wta,"Singapore, Singapore",2026-09-20T04:00:00Z,unplayed,Nao Hibino,Aoi Ito,DraftKings,player_sets_won,Player Sets Won,DED58F833DD7A261,Aoi Ito,aoi_ito,under,0.5,225,True,aoi_ito:0.5,16702-19263-2026-37:draftkings:player_sets_won:aoi_ito_under_0_5,1789851504.8879802,2026-09-19T20:58:24Z
2026-09-20T03:02:23Z,20260920D07576E4,16702-19263-2026-37,wta,"Singapore, Singapore",2026-09-20T04:00:00Z,unplayed,Nao Hibino,Aoi Ito,DraftKings,player_sets_won,Player Sets Won,EC210B45F47F,Nao Hibino,nao_hibino,over,0.5,-275,True,nao_hibino:0.5,16702-19263-2026-37:draftkings:player_sets_won:nao_hibino_over_0_5,1789851504.8879802,2026-09-19T20:58:24Z
2026-09-20T03:02:23Z,20260920D07576E4,16702-19263-2026-37,wta,"Singapore, Singapore",2026-09-20T04:00:00Z,unplayed,Nao Hibino,Aoi Ito,DraftKings,player_sets_won,Player Sets Won,EC210B45F47F,Nao Hibino,nao_hibino,under,0.5,195,True,nao_hibino:0.5,16702-19263-2026-37:draftkings:player_sets_won:nao_hibino_under_0_5,1789851504.8879802,2026-09-19T20:58:24Z
2026-09-20T03:02:23Z,20260920F3D910D9,26997-42850-2026-37,wta,"Singapore, Singapore",2026-09-20T05:10:00Z,unplayed,Mei Yamaguchi,Kyoka Okamura,DraftKings,player_games_won,Player Games Won,2160A875097E8400,Kyoka Okamura,kyoka_okamura,over,11.5,-120,True,kyoka_okamura:11.5,26997-42850-2026-37:draftkings:player_games_won:kyoka_okamura_over_11_5,1789851495.034492,2026-09-19T20:58:15Z
2026-09-20T03:02:23Z,20260920F3D910D9,26997-42850-2026-37,wta,"Singapore, Singapore",2026-09-20T05:10:00Z,unplayed,Mei Yamaguchi,Kyoka Okamura,DraftKings,player_games_won,Player Games Won,2160A875097E8400,Kyoka Okamura,kyoka_okamura,under,11.5,-120,True,kyoka_okamura:11.5,26997-42850-2026-37:draftkings:player_games_won:kyoka_okamura_under_11_5,1789851495.034492,2026-09-19T20:58:15Z
2026-09-20T03:02:23Z,20260920F3D910D9,26997-42850-2026-37,wta,"Singapore, Singapore",2026-09-20T05:10:00Z,unplayed,Mei Yamaguchi,Kyoka Okamura,DraftKings,player_games_won,Player Games Won,201B5086C1B01CD9,Mei Yamaguchi,mei_yamaguchi,over,12.5,110,True,mei_yamaguchi:12.5,26997-42850-2026-37:draftkings:player_games_won:mei_yamaguchi_over_12_5,1789851484.7418668,2026-09-19T20:58:04Z
2026-09-20T03:02:23Z,20260920F3D910D9,26997-42850-2026-37,wta,"Singapore, Singapore",2026-09-20T05:10:00Z,unplayed,Mei Yamaguchi,Kyoka Okamura,DraftKings,player_games_won,Player Games Won,201B5086C1B01CD9,Mei Yamaguchi,mei_yamaguchi,under,12.5,-175,True,mei_yamaguchi:12.5,26997-42850-2026-37:draftkings:player_games_won:mei_yamaguchi_under_12_5,1789851484.7418668,2026-09-19T20:58:04Z
2026-09-20T03:02:23Z,20260920F3D910D9,26997-42850-2026-37,wta,"Singapore, Singapore",2026-09-20T05:10:00Z,unplayed,Mei Yamaguchi,Kyoka Okamura,DraftKings,player_sets_won,Player Sets Won,2160A875097E8400,Kyoka Okamura,kyoka_okamura,over,0.5,-150,True,kyoka_okamura:0.5,26997-42850-2026-37:draftkings:player_sets_won:kyoka_okamura_over_0_5,1789832544.7906668,2026-09-19T15:42:24Z
2026-09-20T03:02:23Z,20260920F3D910D9,26997-42850-2026-37,wta,"Singapore, Singapore",2026-09-20T05:10:00Z,unplayed,Mei Yamaguchi,Kyoka Okamura,DraftKings,player_sets_won,Player Sets Won,2160A875097E8400,Kyoka Okamura,kyoka_okamura,under,0.5,105,True,kyoka_okamura:0.5,26997-42850-2026-37:draftkings:player_sets_won:kyoka_okamura_under_0_5,1789851495.034492,2026-09-19T20:58:15Z
2026-09-20T03:02:23Z,20260920F3D910D9,26997-42850-2026-37,wta,"Singapore, Singapore",2026-09-20T05:10:00Z,unplayed,Mei Yamaguchi,Kyoka Okamura,DraftKings,player_sets_won,Player Sets Won,201B5086C1B01CD9,Mei Yamaguchi,mei_yamaguchi,over,0.5,-425,True,mei_yamaguchi:0.5,26997-42850-2026-37:draftkings:player_sets_won:mei_yamaguchi_over_0_5,1789842744.6116729,2026-09-19T18:32:24Z
2026-09-20T03:02:23Z,20260920F3D910D9,26997-42850-2026-37,wta,"Singapore, Singapore",2026-09-20T05:10:00Z,unplayed,Mei Yamaguchi,Kyoka Okamura,DraftKings,player_sets_won,Player Sets Won,201B5086C1B01CD9,Mei Yamaguchi,mei_yamaguchi,under,0.5,290,True,mei_yamaguchi:0.5,26997-42850-2026-37:draftkings:player_sets_won:mei_yamaguchi_under_0_5,1789851484.7418668,2026-09-19T20:58:04Z
