captured_at,league,tournament,start_date,fixture_id,game_id,home_player,away_player,provider_player_name,provider_player_id,normalized_selection,book,market,market_id,line,is_main,over_price,under_price,over_implied_prob,under_implied_prob,overround,over_novig_prob,under_novig_prob,has_both_sides,over_odds_id,under_odds_id,grouping_key,odds_timestamp,odds_timestamp_utc
2026-09-18T03:02:42Z,wta,"Sao Paulo, Brazil",2026-09-18T17:10:00Z,20260918148FC806,21423-94052-2026-37,Anna Blinkova,Alina Charaeva,Alina Charaeva,D9596A764C77EF7D,alina_charaeva,BetMGM,Player Sets Won,player_sets_won,0.5,True,-190,130,0.655172,0.434783,1.089955,0.601100,0.398900,True,21423-94052-2026-37:betmgm:player_sets_won:alina_charaeva_over_0_5,21423-94052-2026-37:betmgm:player_sets_won:alina_charaeva_under_0_5,alina_charaeva:0.5,1789696700.7262094,2026-09-18T01:58:20Z
2026-09-18T03:02:42Z,wta,"Sao Paulo, Brazil",2026-09-18T17:10:00Z,20260918148FC806,21423-94052-2026-37,Anna Blinkova,Alina Charaeva,Anna Blinkova,A1E0C3D3DCF1,anna_blinkova,BetMGM,Player Sets Won,player_sets_won,0.5,True,-425,250,0.809524,0.285714,1.095238,0.739130,0.260870,True,21423-94052-2026-37:betmgm:player_sets_won:anna_blinkova_over_0_5,21423-94052-2026-37:betmgm:player_sets_won:anna_blinkova_under_0_5,anna_blinkova:0.5,1789696700.7262094,2026-09-18T01:58:20Z
2026-09-18T03:02:42Z,wta,"Sao Paulo, Brazil",2026-09-18T17:10:00Z,20260918148FC806,21423-94052-2026-37,Anna Blinkova,Alina Charaeva,Alina Charaeva,D9596A764C77EF7D,alina_charaeva,DraftKings,Player Break Points Won,player_break_points_won,0.5,True,,1500,,,,,,False,,21423-94052-2026-37:draftkings:player_break_points_won:alina_charaeva_under_0_5,alina_charaeva:0.5,1789691604.396114,2026-09-18T00:33:24Z
2026-09-18T03:02:42Z,wta,"Sao Paulo, Brazil",2026-09-18T17:10:00Z,20260918148FC806,21423-94052-2026-37,Anna Blinkova,Alina Charaeva,Anna Blinkova,A1E0C3D3DCF1,anna_blinkova,DraftKings,Player Break Points Won,player_break_points_won,0.5,True,,2200,,,,,,False,,21423-94052-2026-37:draftkings:player_break_points_won:anna_blinkova_under_0_5,anna_blinkova:0.5,1789691604.396114,2026-09-18T00:33:24Z
2026-09-18T03:02:42Z,wta,"Sao Paulo, Brazil",2026-09-18T17:10:00Z,20260918148FC806,21423-94052-2026-37,Anna Blinkova,Alina Charaeva,Alina Charaeva,D9596A764C77EF7D,alina_charaeva,DraftKings,Player Games Won,player_games_won,11.5,True,-140,100,0.583333,0.500000,1.083333,0.538462,0.461538,True,21423-94052-2026-37:draftkings:player_games_won:alina_charaeva_over_11_5,21423-94052-2026-37:draftkings:player_games_won:alina_charaeva_under_11_5,alina_charaeva:11.5,1789677564.4160278,2026-09-17T20:39:24Z
2026-09-18T03:02:42Z,wta,"Sao Paulo, Brazil",2026-09-18T17:10:00Z,20260918148FC806,21423-94052-2026-37,Anna Blinkova,Alina Charaeva,Anna Blinkova,A1E0C3D3DCF1,anna_blinkova,DraftKings,Player Games Won,player_games_won,12.5,True,120,-165,0.454545,0.622642,1.077187,0.421975,0.578025,True,21423-94052-2026-37:draftkings:player_games_won:anna_blinkova_over_12_5,21423-94052-2026-37:draftkings:player_games_won:anna_blinkova_under_12_5,anna_blinkova:12.5,1789691604.396114,2026-09-18T00:33:24Z
2026-09-18T03:02:42Z,wta,"Sao Paulo, Brazil",2026-09-18T17:10:00Z,20260918148FC806,21423-94052-2026-37,Anna Blinkova,Alina Charaeva,Alina Charaeva,D9596A764C77EF7D,alina_charaeva,DraftKings,Player Sets Won,player_sets_won,0.5,True,-185,135,0.649123,0.425532,1.074655,0.604029,0.395971,True,21423-94052-2026-37:draftkings:player_sets_won:alina_charaeva_over_0_5,21423-94052-2026-37:draftkings:player_sets_won:alina_charaeva_under_0_5,alina_charaeva:0.5,1789677564.4160368,2026-09-17T20:39:24Z
2026-09-18T03:02:42Z,wta,"Sao Paulo, Brazil",2026-09-18T17:10:00Z,20260918148FC806,21423-94052-2026-37,Anna Blinkova,Alina Charaeva,Anna Blinkova,A1E0C3D3DCF1,anna_blinkova,DraftKings,Player Sets Won,player_sets_won,0.5,True,-400,275,0.800000,0.266667,1.066667,0.750000,0.250000,True,21423-94052-2026-37:draftkings:player_sets_won:anna_blinkova_over_0_5,21423-94052-2026-37:draftkings:player_sets_won:anna_blinkova_under_0_5,anna_blinkova:0.5,1789691604.396114,2026-09-18T00:33:24Z
2026-09-18T03:02:42Z,wta,"Sao Paulo, Brazil",2026-09-18T21:40:00Z,202609181F89EA34,43439-90436-2026-37,Nadia Podoroska,Suzan Lamens,Nadia Podoroska,FB69A64B33D1,nadia_podoroska,BetMGM,Player Sets Won,player_sets_won,0.5,True,-350,225,0.777778,0.307692,1.085470,0.716535,0.283465,True,43439-90436-2026-37:betmgm:player_sets_won:nadia_podoroska_over_0_5,43439-90436-2026-37:betmgm:player_sets_won:nadia_podoroska_under_0_5,nadia_podoroska:0.5,1789696698.6643374,2026-09-18T01:58:18Z
2026-09-18T03:02:42Z,wta,"Sao Paulo, Brazil",2026-09-18T21:40:00Z,202609181F89EA34,43439-90436-2026-37,Nadia Podoroska,Suzan Lamens,Suzan Lamens,A6E1D0C8A0C9,suzan_lamens,BetMGM,Player Sets Won,player_sets_won,0.5,True,-220,150,0.687500,0.400000,1.087500,0.632184,0.367816,True,43439-90436-2026-37:betmgm:player_sets_won:suzan_lamens_over_0_5,43439-90436-2026-37:betmgm:player_sets_won:suzan_lamens_under_0_5,suzan_lamens:0.5,1789696698.6643374,2026-09-18T01:58:18Z
2026-09-18T03:02:42Z,wta,"Sao Paulo, Brazil",2026-09-18T21:40:00Z,202609181F89EA34,43439-90436-2026-37,Nadia Podoroska,Suzan Lamens,Nadia Podoroska,FB69A64B33D1,nadia_podoroska,DraftKings,Player Break Points Won,player_break_points_won,0.5,True,,2200,,,,,,False,,43439-90436-2026-37:draftkings:player_break_points_won:nadia_podoroska_under_0_5,nadia_podoroska:0.5,1789694874.5046196,2026-09-18T01:27:54Z
2026-09-18T03:02:42Z,wta,"Sao Paulo, Brazil",2026-09-18T21:40:00Z,202609181F89EA34,43439-90436-2026-37,Nadia Podoroska,Suzan Lamens,Suzan Lamens,A6E1D0C8A0C9,suzan_lamens,DraftKings,Player Break Points Won,player_break_points_won,0.5,True,,1800,,,,,,False,,43439-90436-2026-37:draftkings:player_break_points_won:suzan_lamens_under_0_5,suzan_lamens:0.5,1789694874.5046196,2026-09-18T01:27:54Z
2026-09-18T03:02:42Z,wta,"Sao Paulo, Brazil",2026-09-18T21:40:00Z,202609181F89EA34,43439-90436-2026-37,Nadia Podoroska,Suzan Lamens,Nadia Podoroska,FB69A64B33D1,nadia_podoroska,DraftKings,Player Games Won,player_games_won,12.5,True,125,-185,0.444444,0.649123,1.093567,0.406417,0.593583,True,43439-90436-2026-37:draftkings:player_games_won:nadia_podoroska_over_12_5,43439-90436-2026-37:draftkings:player_games_won:nadia_podoroska_under_12_5,nadia_podoroska:12.5,1789694874.5046196,2026-09-18T01:27:54Z
2026-09-18T03:02:42Z,wta,"Sao Paulo, Brazil",2026-09-18T21:40:00Z,202609181F89EA34,43439-90436-2026-37,Nadia Podoroska,Suzan Lamens,Suzan Lamens,A6E1D0C8A0C9,suzan_lamens,DraftKings,Player Games Won,player_games_won,11.5,True,-165,110,0.622642,0.476190,1.098832,0.566639,0.433361,True,43439-90436-2026-37:draftkings:player_games_won:suzan_lamens_over_11_5,43439-90436-2026-37:draftkings:player_games_won:suzan_lamens_under_11_5,suzan_lamens:11.5,1789694874.5046196,2026-09-18T01:27:54Z
2026-09-18T03:02:42Z,wta,"Sao Paulo, Brazil",2026-09-18T21:40:00Z,202609181F89EA34,43439-90436-2026-37,Nadia Podoroska,Suzan Lamens,Nadia Podoroska,FB69A64B33D1,nadia_podoroska,DraftKings,Player Sets Won,player_sets_won,0.5,True,-330,225,0.767442,0.307692,1.075134,0.713810,0.286190,True,43439-90436-2026-37:draftkings:player_sets_won:nadia_podoroska_over_0_5,43439-90436-2026-37:draftkings:player_sets_won:nadia_podoroska_under_0_5,nadia_podoroska:0.5,1789694874.5046196,2026-09-18T01:27:54Z
2026-09-18T03:02:42Z,wta,"Sao Paulo, Brazil",2026-09-18T21:40:00Z,202609181F89EA34,43439-90436-2026-37,Nadia Podoroska,Suzan Lamens,Suzan Lamens,A6E1D0C8A0C9,suzan_lamens,DraftKings,Player Sets Won,player_sets_won,0.5,True,-215,150,0.682540,0.400000,1.082540,0.630499,0.369501,True,43439-90436-2026-37:draftkings:player_sets_won:suzan_lamens_over_0_5,43439-90436-2026-37:draftkings:player_sets_won:suzan_lamens_under_0_5,suzan_lamens:0.5,1789694874.5046196,2026-09-18T01:27:54Z
2026-09-18T03:02:42Z,wta,"Sao Paulo, Brazil",2026-09-18T16:00:00Z,202609186FF93BE5,33889-27513-2026-37,Teodora Kostovic,Kaitlin Quevedo,Kaitlin Quevedo,635381F93957A087,kaitlin_quevedo,BetMGM,Player Sets Won,player_sets_won,0.5,True,-350,225,0.777778,0.307692,1.085470,0.716535,0.283465,True,33889-27513-2026-37:betmgm:player_sets_won:kaitlin_quevedo_over_0_5,33889-27513-2026-37:betmgm:player_sets_won:kaitlin_quevedo_under_0_5,kaitlin_quevedo:0.5,1789696699.695156,2026-09-18T01:58:19Z
2026-09-18T03:02:42Z,wta,"Sao Paulo, Brazil",2026-09-18T16:00:00Z,202609186FF93BE5,33889-27513-2026-37,Teodora Kostovic,Kaitlin Quevedo,Teodora Kostovic,E9CDAF26AAF5D1D3,teodora_kostovic,BetMGM,Player Sets Won,player_sets_won,0.5,True,-220,150,0.687500,0.400000,1.087500,0.632184,0.367816,True,33889-27513-2026-37:betmgm:player_sets_won:teodora_kostovic_over_0_5,33889-27513-2026-37:betmgm:player_sets_won:teodora_kostovic_under_0_5,teodora_kostovic:0.5,1789696699.695156,2026-09-18T01:58:19Z
2026-09-18T03:02:42Z,wta,"Sao Paulo, Brazil",2026-09-18T16:00:00Z,202609186FF93BE5,33889-27513-2026-37,Teodora Kostovic,Kaitlin Quevedo,Kaitlin Quevedo,635381F93957A087,kaitlin_quevedo,DraftKings,Player Break Points Won,player_break_points_won,0.5,True,,1800,,,,,,False,,33889-27513-2026-37:draftkings:player_break_points_won:kaitlin_quevedo_under_0_5,kaitlin_quevedo:0.5,1789677564.4160278,2026-09-17T20:39:24Z
2026-09-18T03:02:42Z,wta,"Sao Paulo, Brazil",2026-09-18T16:00:00Z,202609186FF93BE5,33889-27513-2026-37,Teodora Kostovic,Kaitlin Quevedo,Teodora Kostovic,E9CDAF26AAF5D1D3,teodora_kostovic,DraftKings,Player Break Points Won,player_break_points_won,0.5,True,,1400,,,,,,False,,33889-27513-2026-37:draftkings:player_break_points_won:teodora_kostovic_under_0_5,teodora_kostovic:0.5,1789677564.4160278,2026-09-17T20:39:24Z
2026-09-18T03:02:42Z,wta,"Sao Paulo, Brazil",2026-09-18T16:00:00Z,202609186FF93BE5,33889-27513-2026-37,Teodora Kostovic,Kaitlin Quevedo,Kaitlin Quevedo,635381F93957A087,kaitlin_quevedo,DraftKings,Player Games Won,player_games_won,12.5,True,-105,-140,0.512195,0.583333,1.095528,0.467532,0.532468,True,33889-27513-2026-37:draftkings:player_games_won:kaitlin_quevedo_over_12_5,33889-27513-2026-37:draftkings:player_games_won:kaitlin_quevedo_under_12_5,kaitlin_quevedo:12.5,1789677564.4160278,2026-09-17T20:39:24Z
2026-09-18T03:02:42Z,wta,"Sao Paulo, Brazil",2026-09-18T16:00:00Z,202609186FF93BE5,33889-27513-2026-37,Teodora Kostovic,Kaitlin Quevedo,Teodora Kostovic,E9CDAF26AAF5D1D3,teodora_kostovic,DraftKings,Player Games Won,player_games_won,12.5,True,110,-165,0.476190,0.622642,1.098832,0.433361,0.566639,True,33889-27513-2026-37:draftkings:player_games_won:teodora_kostovic_over_12_5,33889-27513-2026-37:draftkings:player_games_won:teodora_kostovic_under_12_5,teodora_kostovic:12.5,1789677564.4160278,2026-09-17T20:39:24Z
2026-09-18T03:02:42Z,wta,"Sao Paulo, Brazil",2026-09-18T16:00:00Z,202609186FF93BE5,33889-27513-2026-37,Teodora Kostovic,Kaitlin Quevedo,Kaitlin Quevedo,635381F93957A087,kaitlin_quevedo,DraftKings,Player Sets Won,player_sets_won,0.5,True,-380,260,0.791667,0.277778,1.069444,0.740260,0.259740,True,33889-27513-2026-37:draftkings:player_sets_won:kaitlin_quevedo_over_0_5,33889-27513-2026-37:draftkings:player_sets_won:kaitlin_quevedo_under_0_5,kaitlin_quevedo:0.5,1789675674.2838085,2026-09-17T20:07:54Z
2026-09-18T03:02:42Z,wta,"Sao Paulo, Brazil",2026-09-18T16:00:00Z,202609186FF93BE5,33889-27513-2026-37,Teodora Kostovic,Kaitlin Quevedo,Teodora Kostovic,E9CDAF26AAF5D1D3,teodora_kostovic,DraftKings,Player Sets Won,player_sets_won,0.5,True,-250,175,0.714286,0.363636,1.077922,0.662651,0.337349,True,33889-27513-2026-37:draftkings:player_sets_won:teodora_kostovic_over_0_5,33889-27513-2026-37:draftkings:player_sets_won:teodora_kostovic_under_0_5,teodora_kostovic:0.5,1789675674.2838085,2026-09-17T20:07:54Z
2026-09-18T03:02:42Z,wta,"Guadalajara, Mexico",2026-09-18T23:00:00Z,202609189EABB4A1,16898-28676-2026-37,Cristina Bucsa,Iva Jović,Cristina Bucsa,B50E281C0FDD,cristina_bucsa,DraftKings,Player Sets Won,player_sets_won,0.5,True,-110,-125,0.523810,0.555556,1.079365,0.485294,0.514706,True,16898-28676-2026-37:draftkings:player_sets_won:cristina_bucsa_over_0_5,16898-28676-2026-37:draftkings:player_sets_won:cristina_bucsa_under_0_5,cristina_bucsa:0.5,1789694874.5046196,2026-09-18T01:27:54Z
2026-09-18T03:02:42Z,wta,"Guadalajara, Mexico",2026-09-18T23:00:00Z,202609189EABB4A1,16898-28676-2026-37,Cristina Bucsa,Iva Jović,Iva Jović,BB6088423E01,iva_jovi_,DraftKings,Player Sets Won,player_sets_won,0.5,True,-1100,550,0.916667,0.153846,1.070513,0.856287,0.143713,True,16898-28676-2026-37:draftkings:player_sets_won:iva_jovi_over_0_5,16898-28676-2026-37:draftkings:player_sets_won:iva_jovi_under_0_5,iva_jovi_:0.5,1789694874.5046196,2026-09-18T01:27:54Z
2026-09-18T03:02:42Z,wta,"Sao Paulo, Brazil",2026-09-18T20:30:00Z,20260918EB291E99,34794-32790-2026-37,Mary Stoiana,Paula Badosa,Mary Stoiana,0B98FA5735D7A52D,mary_stoiana,BetMGM,Player Sets Won,player_sets_won,0.5,True,-155,105,0.607843,0.487805,1.095648,0.554780,0.445220,True,34794-32790-2026-37:betmgm:player_sets_won:mary_stoiana_over_0_5,34794-32790-2026-37:betmgm:player_sets_won:mary_stoiana_under_0_5,mary_stoiana:0.5,1789696699.695156,2026-09-18T01:58:19Z
2026-09-18T03:02:42Z,wta,"Sao Paulo, Brazil",2026-09-18T20:30:00Z,20260918EB291E99,34794-32790-2026-37,Mary Stoiana,Paula Badosa,Paula Badosa,3CAA85511C75,paula_badosa,BetMGM,Player Sets Won,player_sets_won,0.5,True,-600,325,0.857143,0.235294,1.092437,0.784615,0.215385,True,34794-32790-2026-37:betmgm:player_sets_won:paula_badosa_over_0_5,34794-32790-2026-37:betmgm:player_sets_won:paula_badosa_under_0_5,paula_badosa:0.5,1789696699.695156,2026-09-18T01:58:19Z
2026-09-18T03:02:42Z,wta,"Sao Paulo, Brazil",2026-09-18T20:30:00Z,20260918EB291E99,34794-32790-2026-37,Mary Stoiana,Paula Badosa,Mary Stoiana,0B98FA5735D7A52D,mary_stoiana,DraftKings,Player Break Points Won,player_break_points_won,0.5,True,,1600,,,,,,False,,34794-32790-2026-37:draftkings:player_break_points_won:mary_stoiana_under_0_5,mary_stoiana:0.5,1789692364.3891108,2026-09-18T00:46:04Z
2026-09-18T03:02:42Z,wta,"Sao Paulo, Brazil",2026-09-18T20:30:00Z,20260918EB291E99,34794-32790-2026-37,Mary Stoiana,Paula Badosa,Paula Badosa,3CAA85511C75,paula_badosa,DraftKings,Player Break Points Won,player_break_points_won,0.5,True,,2800,,,,,,False,,34794-32790-2026-37:draftkings:player_break_points_won:paula_badosa_under_0_5,paula_badosa:0.5,1789692364.3891108,2026-09-18T00:46:04Z
2026-09-18T03:02:42Z,wta,"Sao Paulo, Brazil",2026-09-18T20:30:00Z,20260918EB291E99,34794-32790-2026-37,Mary Stoiana,Paula Badosa,Mary Stoiana,0B98FA5735D7A52D,mary_stoiana,DraftKings,Player Games Won,player_games_won,11.5,True,-115,-120,0.534884,0.545455,1.080338,0.495108,0.504892,True,34794-32790-2026-37:draftkings:player_games_won:mary_stoiana_over_11_5,34794-32790-2026-37:draftkings:player_games_won:mary_stoiana_under_11_5,mary_stoiana:11.5,1789692364.3891108,2026-09-18T00:46:04Z
2026-09-18T03:02:42Z,wta,"Sao Paulo, Brazil",2026-09-18T20:30:00Z,20260918EB291E99,34794-32790-2026-37,Mary Stoiana,Paula Badosa,Paula Badosa,3CAA85511C75,paula_badosa,DraftKings,Player Games Won,player_games_won,12.5,True,100,-140,0.500000,0.583333,1.083333,0.461538,0.538462,True,34794-32790-2026-37:draftkings:player_games_won:paula_badosa_over_12_5,34794-32790-2026-37:draftkings:player_games_won:paula_badosa_under_12_5,paula_badosa:12.5,1789692364.3891108,2026-09-18T00:46:04Z
2026-09-18T03:02:42Z,wta,"Sao Paulo, Brazil",2026-09-18T20:30:00Z,20260918EB291E99,34794-32790-2026-37,Mary Stoiana,Paula Badosa,Mary Stoiana,0B98FA5735D7A52D,mary_stoiana,DraftKings,Player Sets Won,player_sets_won,0.5,True,-165,110,0.622642,0.476190,1.098832,0.566639,0.433361,True,34794-32790-2026-37:draftkings:player_sets_won:mary_stoiana_over_0_5,34794-32790-2026-37:draftkings:player_sets_won:mary_stoiana_under_0_5,mary_stoiana:0.5,1789692364.3891108,2026-09-18T00:46:04Z
2026-09-18T03:02:42Z,wta,"Sao Paulo, Brazil",2026-09-18T20:30:00Z,20260918EB291E99,34794-32790-2026-37,Mary Stoiana,Paula Badosa,Paula Badosa,3CAA85511C75,paula_badosa,DraftKings,Player Sets Won,player_sets_won,0.5,True,-575,350,0.851852,0.222222,1.074074,0.793103,0.206897,True,34794-32790-2026-37:draftkings:player_sets_won:paula_badosa_over_0_5,34794-32790-2026-37:draftkings:player_sets_won:paula_badosa_under_0_5,paula_badosa:0.5,1789691554.260333,2026-09-18T00:32:34Z
2026-09-19T03:03:08Z,wta,"Singapore, Singapore",2026-09-19T06:30:00Z,2026091913A9403B,14892-26997-2026-37,Eva Marie Desvignes,Kyoka Okamura,Eva Marie Desvignes,BEA0169819EB6325,eva_marie_desvignes,DraftKings,Player Games Won,player_games_won,8.5,True,-125,-120,0.555556,0.545455,1.101010,0.504587,0.495413,True,14892-26997-2026-37:draftkings:player_games_won:eva_marie_desvignes_over_8_5,14892-26997-2026-37:draftkings:player_games_won:eva_marie_desvignes_under_8_5,eva_marie_desvignes:8.5,1789753092.4372654,2026-09-18T17:38:12Z
2026-09-19T03:03:08Z,wta,"Singapore, Singapore",2026-09-19T06:30:00Z,2026091913A9403B,14892-26997-2026-37,Eva Marie Desvignes,Kyoka Okamura,Kyoka Okamura,2160A875097E8400,kyoka_okamura,DraftKings,Player Games Won,player_games_won,12.5,True,120,-175,0.454545,0.636364,1.090909,0.416667,0.583333,True,14892-26997-2026-37:draftkings:player_games_won:kyoka_okamura_over_12_5,14892-26997-2026-37:draftkings:player_games_won:kyoka_okamura_under_12_5,kyoka_okamura:12.5,1789780204.8245785,2026-09-19T01:10:04Z
2026-09-19T03:03:08Z,wta,"Singapore, Singapore",2026-09-19T06:30:00Z,2026091913A9403B,14892-26997-2026-37,Eva Marie Desvignes,Kyoka Okamura,Eva Marie Desvignes,BEA0169819EB6325,eva_marie_desvignes,DraftKings,Player Sets Won,player_sets_won,0.5,True,-105,-135,0.512195,0.574468,1.086663,0.471347,0.528653,True,14892-26997-2026-37:draftkings:player_sets_won:eva_marie_desvignes_over_0_5,14892-26997-2026-37:draftkings:player_sets_won:eva_marie_desvignes_under_0_5,eva_marie_desvignes:0.5,1789753092.4372654,2026-09-18T17:38:12Z
2026-09-19T03:03:08Z,wta,"Singapore, Singapore",2026-09-19T06:30:00Z,2026091913A9403B,14892-26997-2026-37,Eva Marie Desvignes,Kyoka Okamura,Kyoka Okamura,2160A875097E8400,kyoka_okamura,DraftKings,Player Sets Won,player_sets_won,0.5,True,-800,500,0.888889,0.166667,1.055556,0.842105,0.157895,True,14892-26997-2026-37:draftkings:player_sets_won:kyoka_okamura_over_0_5,14892-26997-2026-37:draftkings:player_sets_won:kyoka_okamura_under_0_5,kyoka_okamura:0.5,1789780204.8245785,2026-09-19T01:10:04Z
2026-09-19T03:03:08Z,wta,"Singapore, Singapore",2026-09-19T03:00:00Z,202609191E62F7CC,42944-39358-2026-37,Anna-Lena Friedsam,Desirae Krawczyk,Anna-Lena Friedsam,672EDFC6B11C,anna-lena_friedsam,DraftKings,Player Sets Won,player_sets_won,0.5,True,-10000,2200,0.990099,0.043478,1.033577,0.957934,0.042066,True,42944-39358-2026-37:draftkings:player_sets_won:anna-lena_friedsam_over_0_5,42944-39358-2026-37:draftkings:player_sets_won:anna-lena_friedsam_under_0_5,anna-lena_friedsam:0.5,1789786404.7794316,2026-09-19T02:53:24Z
2026-09-19T03:03:08Z,wta,"Singapore, Singapore",2026-09-19T03:00:00Z,202609191E62F7CC,42944-39358-2026-37,Anna-Lena Friedsam,Desirae Krawczyk,Desirae Krawczyk,436C5436CFE513DC,desirae_krawczyk,DraftKings,Player Sets Won,player_sets_won,0.5,True,275,-425,0.266667,0.809524,1.076190,0.247788,0.752212,True,42944-39358-2026-37:draftkings:player_sets_won:desirae_krawczyk_over_0_5,42944-39358-2026-37:draftkings:player_sets_won:desirae_krawczyk_under_0_5,desirae_krawczyk:0.5,1789786734.4283726,2026-09-19T02:58:54Z
2026-09-19T03:03:08Z,wta,"Seoul, Korea Republic",2026-09-19T05:35:00Z,202609193E452311,80342-34644-2026-37,En-Shuo Liang,Sara Saito,En-Shuo Liang,87E210B1712A,en-shuo_liang,DraftKings,Player Games Won,player_games_won,12.5,True,110,-165,0.476190,0.622642,1.098832,0.433361,0.566639,True,80342-34644-2026-37:draftkings:player_games_won:en-shuo_liang_over_12_5,80342-34644-2026-37:draftkings:player_games_won:en-shuo_liang_under_12_5,en-shuo_liang:12.5,1789777415.4155152,2026-09-19T00:23:35Z
2026-09-19T03:03:08Z,wta,"Seoul, Korea Republic",2026-09-19T05:35:00Z,202609193E452311,80342-34644-2026-37,En-Shuo Liang,Sara Saito,Sara Saito,D50973562939,sara_saito,DraftKings,Player Games Won,player_games_won,10.5,True,-115,-125,0.534884,0.555556,1.090439,0.490521,0.509479,True,80342-34644-2026-37:draftkings:player_games_won:sara_saito_over_10_5,80342-34644-2026-37:draftkings:player_games_won:sara_saito_under_10_5,sara_saito:10.5,1789777415.4155095,2026-09-19T00:23:35Z
2026-09-19T03:03:08Z,wta,"Seoul, Korea Republic",2026-09-19T05:35:00Z,202609193E452311,80342-34644-2026-37,En-Shuo Liang,Sara Saito,En-Shuo Liang,87E210B1712A,en-shuo_liang,DraftKings,Player Sets Won,player_sets_won,0.5,True,-600,380,0.857143,0.208333,1.065476,0.804469,0.195531,True,80342-34644-2026-37:draftkings:player_sets_won:en-shuo_liang_over_0_5,80342-34644-2026-37:draftkings:player_sets_won:en-shuo_liang_under_0_5,en-shuo_liang:0.5,1789777415.4155152,2026-09-19T00:23:35Z
2026-09-19T03:03:08Z,wta,"Seoul, Korea Republic",2026-09-19T05:35:00Z,202609193E452311,80342-34644-2026-37,En-Shuo Liang,Sara Saito,Sara Saito,D50973562939,sara_saito,DraftKings,Player Sets Won,player_sets_won,0.5,True,-125,-115,0.555556,0.534884,1.090439,0.509479,0.490521,True,80342-34644-2026-37:draftkings:player_sets_won:sara_saito_over_0_5,80342-34644-2026-37:draftkings:player_sets_won:sara_saito_under_0_5,sara_saito:0.5,1789777415.4155152,2026-09-19T00:23:35Z
2026-09-19T03:03:08Z,wta,"Sao Paulo, Brazil",2026-09-19T17:10:00Z,202609195E3A2D2D,43439-32790-2026-37,Nadia Podoroska,Paula Badosa,Nadia Podoroska,FB69A64B33D1,nadia_podoroska,DraftKings,Player Break Points Won,player_break_points_won,0.5,True,,550,,,,,,False,,43439-32790-2026-37:draftkings:player_break_points_won:nadia_podoroska_under_0_5,nadia_podoroska:0.5,1789786104.4963765,2026-09-19T02:48:24Z
2026-09-19T03:03:08Z,wta,"Sao Paulo, Brazil",2026-09-19T17:10:00Z,202609195E3A2D2D,43439-32790-2026-37,Nadia Podoroska,Paula Badosa,Paula Badosa,3CAA85511C75,paula_badosa,DraftKings,Player Break Points Won,player_break_points_won,0.5,True,,2500,,,,,,False,,43439-32790-2026-37:draftkings:player_break_points_won:paula_badosa_under_0_5,paula_badosa:0.5,1789786104.4963765,2026-09-19T02:48:24Z
2026-09-19T03:03:08Z,wta,"Sao Paulo, Brazil",2026-09-19T17:10:00Z,202609195E3A2D2D,43439-32790-2026-37,Nadia Podoroska,Paula Badosa,Nadia Podoroska,FB69A64B33D1,nadia_podoroska,DraftKings,Player Games Won,player_games_won,8.5,True,-115,-125,0.534884,0.555556,1.090439,0.490521,0.509479,True,43439-32790-2026-37:draftkings:player_games_won:nadia_podoroska_over_8_5,43439-32790-2026-37:draftkings:player_games_won:nadia_podoroska_under_8_5,nadia_podoroska:8.5,1789786104.4963765,2026-09-19T02:48:24Z
2026-09-19T03:03:08Z,wta,"Sao Paulo, Brazil",2026-09-19T17:10:00Z,202609195E3A2D2D,43439-32790-2026-37,Nadia Podoroska,Paula Badosa,Paula Badosa,3CAA85511C75,paula_badosa,DraftKings,Player Games Won,player_games_won,12.5,True,-105,-135,0.512195,0.574468,1.086663,0.471347,0.528653,True,43439-32790-2026-37:draftkings:player_games_won:paula_badosa_over_12_5,43439-32790-2026-37:draftkings:player_games_won:paula_badosa_under_12_5,paula_badosa:12.5,1789786104.4963765,2026-09-19T02:48:24Z
2026-09-19T03:03:08Z,wta,"Sao Paulo, Brazil",2026-09-19T17:10:00Z,202609195E3A2D2D,43439-32790-2026-37,Nadia Podoroska,Paula Badosa,Nadia Podoroska,FB69A64B33D1,nadia_podoroska,DraftKings,Player Sets Won,player_sets_won,0.5,True,110,-165,0.476190,0.622642,1.098832,0.433361,0.566639,True,43439-32790-2026-37:draftkings:player_sets_won:nadia_podoroska_over_0_5,43439-32790-2026-37:draftkings:player_sets_won:nadia_podoroska_under_0_5,nadia_podoroska:0.5,1789786104.4963765,2026-09-19T02:48:24Z
2026-09-19T03:03:08Z,wta,"Sao Paulo, Brazil",2026-09-19T17:10:00Z,202609195E3A2D2D,43439-32790-2026-37,Nadia Podoroska,Paula Badosa,Paula Badosa,3CAA85511C75,paula_badosa,DraftKings,Player Sets Won,player_sets_won,0.5,True,-1400,750,0.933333,0.117647,1.050980,0.888060,0.111940,True,43439-32790-2026-37:draftkings:player_sets_won:paula_badosa_over_0_5,43439-32790-2026-37:draftkings:player_sets_won:paula_badosa_under_0_5,paula_badosa:0.5,1789786104.4963765,2026-09-19T02:48:24Z
2026-09-19T03:03:08Z,wta,"Singapore, Singapore",2026-09-19T05:20:00Z,202609196B5B5489,40735-25511-2026-37,Nika Radisic,Viktoria Morvayova,Nika Radisic,56E4A090C07B1E10,nika_radisic,DraftKings,Player Games Won,player_games_won,8.5,True,-120,-120,0.545455,0.545455,1.090909,0.500000,0.500000,True,40735-25511-2026-37:draftkings:player_games_won:nika_radisic_over_8_5,40735-25511-2026-37:draftkings:player_games_won:nika_radisic_under_8_5,nika_radisic:8.5,1789786244.613011,2026-09-19T02:50:44Z
2026-09-19T03:03:08Z,wta,"Singapore, Singapore",2026-09-19T05:20:00Z,202609196B5B5489,40735-25511-2026-37,Nika Radisic,Viktoria Morvayova,Viktoria Morvayova,19820EB4AAEE3B79,viktoria_morvayova,DraftKings,Player Games Won,player_games_won,12.5,True,105,-165,0.487805,0.622642,1.110446,0.439287,0.560713,True,40735-25511-2026-37:draftkings:player_games_won:viktoria_morvayova_over_12_5,40735-25511-2026-37:draftkings:player_games_won:viktoria_morvayova_under_12_5,viktoria_morvayova:12.5,1789780195.2429924,2026-09-19T01:09:55Z
2026-09-19T03:03:08Z,wta,"Singapore, Singapore",2026-09-19T05:20:00Z,202609196B5B5489,40735-25511-2026-37,Nika Radisic,Viktoria Morvayova,Nika Radisic,56E4A090C07B1E10,nika_radisic,DraftKings,Player Sets Won,player_sets_won,0.5,True,105,-150,0.487805,0.600000,1.087805,0.448430,0.551570,True,40735-25511-2026-37:draftkings:player_sets_won:nika_radisic_over_0_5,40735-25511-2026-37:draftkings:player_sets_won:nika_radisic_under_0_5,nika_radisic:0.5,1789786244.613011,2026-09-19T02:50:44Z
2026-09-19T03:03:08Z,wta,"Singapore, Singapore",2026-09-19T05:20:00Z,202609196B5B5489,40735-25511-2026-37,Nika Radisic,Viktoria Morvayova,Viktoria Morvayova,19820EB4AAEE3B79,viktoria_morvayova,DraftKings,Player Sets Won,player_sets_won,0.5,True,-1100,600,0.916667,0.142857,1.059524,0.865169,0.134831,True,40735-25511-2026-37:draftkings:player_sets_won:viktoria_morvayova_over_0_5,40735-25511-2026-37:draftkings:player_sets_won:viktoria_morvayova_under_0_5,viktoria_morvayova:0.5,1789780195.2429924,2026-09-19T01:09:55Z
2026-09-19T03:03:08Z,wta,"Singapore, Singapore",2026-09-19T03:00:00Z,2026091973069AB1,32589-28433-2026-37,Jiaqi Wang,Anastasia Kulikova,Anastasia Kulikova,D1AA8672412EAEFC,anastasia_kulikova,DraftKings,Player Games Won,player_games_won,12.5,True,-110,-130,0.523810,0.565217,1.089027,0.480989,0.519011,True,32589-28433-2026-37:draftkings:player_games_won:anastasia_kulikova_over_12_5,32589-28433-2026-37:draftkings:player_games_won:anastasia_kulikova_under_12_5,anastasia_kulikova:12.5,1789786825.7062192,2026-09-19T03:00:25Z
2026-09-19T03:03:08Z,wta,"Singapore, Singapore",2026-09-19T03:00:00Z,2026091973069AB1,32589-28433-2026-37,Jiaqi Wang,Anastasia Kulikova,Jiaqi Wang,EB0DAFED6C30936C,jiaqi_wang,DraftKings,Player Games Won,player_games_won,11.5,True,-150,105,0.600000,0.487805,1.087805,0.551570,0.448430,True,32589-28433-2026-37:draftkings:player_games_won:jiaqi_wang_over_11_5,32589-28433-2026-37:draftkings:player_games_won:jiaqi_wang_under_11_5,jiaqi_wang:11.5,1789786825.7062192,2026-09-19T03:00:25Z
2026-09-19T03:03:08Z,wta,"Singapore, Singapore",2026-09-19T03:00:00Z,2026091973069AB1,32589-28433-2026-37,Jiaqi Wang,Anastasia Kulikova,Anastasia Kulikova,D1AA8672412EAEFC,anastasia_kulikova,DraftKings,Player Sets Won,player_sets_won,0.5,True,-500,320,0.833333,0.238095,1.071429,0.777778,0.222222,True,32589-28433-2026-37:draftkings:player_sets_won:anastasia_kulikova_over_0_5,32589-28433-2026-37:draftkings:player_sets_won:anastasia_kulikova_under_0_5,anastasia_kulikova:0.5,1789786825.7062254,2026-09-19T03:00:25Z
2026-09-19T03:03:08Z,wta,"Singapore, Singapore",2026-09-19T03:00:00Z,2026091973069AB1,32589-28433-2026-37,Jiaqi Wang,Anastasia Kulikova,Jiaqi Wang,EB0DAFED6C30936C,jiaqi_wang,DraftKings,Player Sets Won,player_sets_won,0.5,True,-200,140,0.666667,0.416667,1.083333,0.615385,0.384615,True,32589-28433-2026-37:draftkings:player_sets_won:jiaqi_wang_over_0_5,32589-28433-2026-37:draftkings:player_sets_won:jiaqi_wang_under_0_5,jiaqi_wang:0.5,1789775424.8892307,2026-09-18T23:50:24Z
2026-09-19T03:03:08Z,wta,"Seoul, Korea Republic",2026-09-19T04:25:00Z,202609197697508D,20280-39755-2026-37,Xinxin Yao,Priscilla Hon,Priscilla Hon,F7642EC3AFEB,priscilla_hon,DraftKings,Player Games Won,player_games_won,12.5,True,100,-150,0.500000,0.600000,1.100000,0.454545,0.545455,True,20280-39755-2026-37:draftkings:player_games_won:priscilla_hon_over_12_5,20280-39755-2026-37:draftkings:player_games_won:priscilla_hon_under_12_5,priscilla_hon:12.5,1789775934.9553714,2026-09-18T23:58:54Z
2026-09-19T03:03:08Z,wta,"Seoul, Korea Republic",2026-09-19T04:25:00Z,202609197697508D,20280-39755-2026-37,Xinxin Yao,Priscilla Hon,Xinxin Yao,B2BD41172A76B1F2,xinxin_yao,DraftKings,Player Games Won,player_games_won,11.5,True,-150,100,0.600000,0.500000,1.100000,0.545455,0.454545,True,20280-39755-2026-37:draftkings:player_games_won:xinxin_yao_over_11_5,20280-39755-2026-37:draftkings:player_games_won:xinxin_yao_under_11_5,xinxin_yao:11.5,1789776054.9749184,2026-09-19T00:00:54Z
2026-09-19T03:03:08Z,wta,"Seoul, Korea Republic",2026-09-19T04:25:00Z,202609197697508D,20280-39755-2026-37,Xinxin Yao,Priscilla Hon,Priscilla Hon,F7642EC3AFEB,priscilla_hon,DraftKings,Player Sets Won,player_sets_won,0.5,True,-450,300,0.818182,0.250000,1.068182,0.765957,0.234043,True,20280-39755-2026-37:draftkings:player_sets_won:priscilla_hon_over_0_5,20280-39755-2026-37:draftkings:player_sets_won:priscilla_hon_under_0_5,priscilla_hon:0.5,1789776054.9749184,2026-09-19T00:00:54Z
2026-09-19T03:03:08Z,wta,"Seoul, Korea Republic",2026-09-19T04:25:00Z,202609197697508D,20280-39755-2026-37,Xinxin Yao,Priscilla Hon,Xinxin Yao,B2BD41172A76B1F2,xinxin_yao,DraftKings,Player Sets Won,player_sets_won,0.5,True,-200,135,0.666667,0.425532,1.092199,0.610390,0.389610,True,20280-39755-2026-37:draftkings:player_sets_won:xinxin_yao_over_0_5,20280-39755-2026-37:draftkings:player_sets_won:xinxin_yao_under_0_5,xinxin_yao:0.5,1789776054.9749184,2026-09-19T00:00:54Z
2026-09-19T03:03:08Z,wta,"Singapore, Singapore",2026-09-19T04:10:00Z,2026091982077F08,16702-12825-2026-37,Aoi Ito,Sofya Lansere,Aoi Ito,DED58F833DD7A261,aoi_ito,DraftKings,Player Games Won,player_games_won,12.5,True,110,-165,0.476190,0.622642,1.098832,0.433361,0.566639,True,16702-12825-2026-37:draftkings:player_games_won:aoi_ito_over_12_5,16702-12825-2026-37:draftkings:player_games_won:aoi_ito_under_12_5,aoi_ito:12.5,1789753092.4372654,2026-09-18T17:38:12Z
2026-09-19T03:03:08Z,wta,"Singapore, Singapore",2026-09-19T04:10:00Z,2026091982077F08,16702-12825-2026-37,Aoi Ito,Sofya Lansere,Sofya Lansere,DF3F0B524AA5,sofya_lansere,DraftKings,Player Games Won,player_games_won,10.5,True,-125,-115,0.555556,0.534884,1.090439,0.509479,0.490521,True,16702-12825-2026-37:draftkings:player_games_won:sofya_lansere_over_10_5,16702-12825-2026-37:draftkings:player_games_won:sofya_lansere_under_10_5,sofya_lansere:10.5,1789780204.8245785,2026-09-19T01:10:04Z
2026-09-19T03:03:08Z,wta,"Singapore, Singapore",2026-09-19T04:10:00Z,2026091982077F08,16702-12825-2026-37,Aoi Ito,Sofya Lansere,Aoi Ito,DED58F833DD7A261,aoi_ito,DraftKings,Player Sets Won,player_sets_won,0.5,True,-525,350,0.840000,0.222222,1.062222,0.790795,0.209205,True,16702-12825-2026-37:draftkings:player_sets_won:aoi_ito_over_0_5,16702-12825-2026-37:draftkings:player_sets_won:aoi_ito_under_0_5,aoi_ito:0.5,1789780204.8245785,2026-09-19T01:10:04Z
2026-09-19T03:03:08Z,wta,"Singapore, Singapore",2026-09-19T04:10:00Z,2026091982077F08,16702-12825-2026-37,Aoi Ito,Sofya Lansere,Sofya Lansere,DF3F0B524AA5,sofya_lansere,DraftKings,Player Sets Won,player_sets_won,0.5,True,-140,100,0.583333,0.500000,1.083333,0.538462,0.461538,True,16702-12825-2026-37:draftkings:player_sets_won:sofya_lansere_over_0_5,16702-12825-2026-37:draftkings:player_sets_won:sofya_lansere_under_0_5,sofya_lansere:0.5,1789780204.8245785,2026-09-19T01:10:04Z
2026-09-19T03:03:08Z,wta,"Sao Paulo, Brazil",2026-09-19T16:00:00Z,20260919866137F9,94052-33889-2026-37,Kaitlin Quevedo,Anna Blinkova,Anna Blinkova,A1E0C3D3DCF1,anna_blinkova,BetMGM,Player Sets Won,player_sets_won,0.5,True,-425,250,0.809524,0.285714,1.095238,0.739130,0.260870,True,94052-33889-2026-37:betmgm:player_sets_won:anna_blinkova_over_0_5,94052-33889-2026-37:betmgm:player_sets_won:anna_blinkova_under_0_5,anna_blinkova:0.5,1789777315.997119,2026-09-19T00:21:55Z
2026-09-19T03:03:08Z,wta,"Sao Paulo, Brazil",2026-09-19T16:00:00Z,20260919866137F9,94052-33889-2026-37,Kaitlin Quevedo,Anna Blinkova,Kaitlin Quevedo,635381F93957A087,kaitlin_quevedo,BetMGM,Player Sets Won,player_sets_won,0.5,True,-200,135,0.666667,0.425532,1.092199,0.610390,0.389610,True,94052-33889-2026-37:betmgm:player_sets_won:kaitlin_quevedo_over_0_5,94052-33889-2026-37:betmgm:player_sets_won:kaitlin_quevedo_under_0_5,kaitlin_quevedo:0.5,1789777315.997119,2026-09-19T00:21:55Z
2026-09-19T03:03:08Z,wta,"Sao Paulo, Brazil",2026-09-19T16:00:00Z,20260919866137F9,94052-33889-2026-37,Kaitlin Quevedo,Anna Blinkova,Anna Blinkova,A1E0C3D3DCF1,anna_blinkova,DraftKings,Player Break Points Won,player_break_points_won,0.5,True,,1300,,,,,,False,,94052-33889-2026-37:draftkings:player_break_points_won:anna_blinkova_under_0_5,anna_blinkova:0.5,1789773384.709701,2026-09-18T23:16:24Z
2026-09-19T03:03:08Z,wta,"Sao Paulo, Brazil",2026-09-19T16:00:00Z,20260919866137F9,94052-33889-2026-37,Kaitlin Quevedo,Anna Blinkova,Kaitlin Quevedo,635381F93957A087,kaitlin_quevedo,DraftKings,Player Break Points Won,player_break_points_won,0.5,True,,750,,,,,,False,,94052-33889-2026-37:draftkings:player_break_points_won:kaitlin_quevedo_under_0_5,kaitlin_quevedo:0.5,1789773234.7932646,2026-09-18T23:13:54Z
2026-09-19T03:03:08Z,wta,"Sao Paulo, Brazil",2026-09-19T16:00:00Z,20260919866137F9,94052-33889-2026-37,Kaitlin Quevedo,Anna Blinkova,Anna Blinkova,A1E0C3D3DCF1,anna_blinkova,DraftKings,Player Games Won,player_games_won,12.5,True,110,-165,0.476190,0.622642,1.098832,0.433361,0.566639,True,94052-33889-2026-37:draftkings:player_games_won:anna_blinkova_over_12_5,94052-33889-2026-37:draftkings:player_games_won:anna_blinkova_under_12_5,anna_blinkova:12.5,1789773384.709701,2026-09-18T23:16:24Z
2026-09-19T03:03:08Z,wta,"Sao Paulo, Brazil",2026-09-19T16:00:00Z,20260919866137F9,94052-33889-2026-37,Kaitlin Quevedo,Anna Blinkova,Kaitlin Quevedo,635381F93957A087,kaitlin_quevedo,DraftKings,Player Games Won,player_games_won,11.5,True,-150,105,0.600000,0.487805,1.087805,0.551570,0.448430,True,94052-33889-2026-37:draftkings:player_games_won:kaitlin_quevedo_over_11_5,94052-33889-2026-37:draftkings:player_games_won:kaitlin_quevedo_under_11_5,kaitlin_quevedo:11.5,1789773384.709701,2026-09-18T23:16:24Z
2026-09-19T03:03:08Z,wta,"Sao Paulo, Brazil",2026-09-19T16:00:00Z,20260919866137F9,94052-33889-2026-37,Kaitlin Quevedo,Anna Blinkova,Anna Blinkova,A1E0C3D3DCF1,anna_blinkova,DraftKings,Player Sets Won,player_sets_won,0.5,True,-400,270,0.800000,0.270270,1.070270,0.747475,0.252525,True,94052-33889-2026-37:draftkings:player_sets_won:anna_blinkova_over_0_5,94052-33889-2026-37:draftkings:player_sets_won:anna_blinkova_under_0_5,anna_blinkova:0.5,1789773384.709701,2026-09-18T23:16:24Z
2026-09-19T03:03:08Z,wta,"Sao Paulo, Brazil",2026-09-19T16:00:00Z,20260919866137F9,94052-33889-2026-37,Kaitlin Quevedo,Anna Blinkova,Kaitlin Quevedo,635381F93957A087,kaitlin_quevedo,DraftKings,Player Sets Won,player_sets_won,0.5,True,-200,135,0.666667,0.425532,1.092199,0.610390,0.389610,True,94052-33889-2026-37:draftkings:player_sets_won:kaitlin_quevedo_over_0_5,94052-33889-2026-37:draftkings:player_sets_won:kaitlin_quevedo_under_0_5,kaitlin_quevedo:0.5,1789773384.709701,2026-09-18T23:16:24Z
2026-09-19T03:03:08Z,wta,"Singapore, Singapore",2026-09-19T06:30:00Z,202609198E2372E7,42850-66868-2026-37,Mei Yamaguchi,Ulrikke Eikeri,Mei Yamaguchi,201B5086C1B01CD9,mei_yamaguchi,DraftKings,Player Games Won,player_games_won,12.5,True,125,-185,0.444444,0.649123,1.093567,0.406417,0.593583,True,42850-66868-2026-37:draftkings:player_games_won:mei_yamaguchi_over_12_5,42850-66868-2026-37:draftkings:player_games_won:mei_yamaguchi_under_12_5,mei_yamaguchi:12.5,1789786894.8677807,2026-09-19T03:01:34Z
2026-09-19T03:03:08Z,wta,"Singapore, Singapore",2026-09-19T06:30:00Z,202609198E2372E7,42850-66868-2026-37,Mei Yamaguchi,Ulrikke Eikeri,Ulrikke Eikeri,0512406B27C9,ulrikke_eikeri,DraftKings,Player Games Won,player_games_won,6.5,True,-140,-105,0.583333,0.512195,1.095528,0.532468,0.467532,True,42850-66868-2026-37:draftkings:player_games_won:ulrikke_eikeri_over_6_5,42850-66868-2026-37:draftkings:player_games_won:ulrikke_eikeri_under_6_5,ulrikke_eikeri:6.5,1789786894.8677807,2026-09-19T03:01:34Z
2026-09-19T03:03:08Z,wta,"Singapore, Singapore",2026-09-19T06:30:00Z,202609198E2372E7,42850-66868-2026-37,Mei Yamaguchi,Ulrikke Eikeri,Mei Yamaguchi,201B5086C1B01CD9,mei_yamaguchi,DraftKings,Player Sets Won,player_sets_won,0.5,True,-2000,850,0.952381,0.105263,1.057644,0.900474,0.099526,True,42850-66868-2026-37:draftkings:player_sets_won:mei_yamaguchi_over_0_5,42850-66868-2026-37:draftkings:player_sets_won:mei_yamaguchi_under_0_5,mei_yamaguchi:0.5,1789785884.6585188,2026-09-19T02:44:44Z
2026-09-19T03:03:08Z,wta,"Singapore, Singapore",2026-09-19T06:30:00Z,202609198E2372E7,42850-66868-2026-37,Mei Yamaguchi,Ulrikke Eikeri,Ulrikke Eikeri,0512406B27C9,ulrikke_eikeri,DraftKings,Player Sets Won,player_sets_won,0.5,True,150,-215,0.400000,0.682540,1.082540,0.369501,0.630499,True,42850-66868-2026-37:draftkings:player_sets_won:ulrikke_eikeri_over_0_5,42850-66868-2026-37:draftkings:player_sets_won:ulrikke_eikeri_under_0_5,ulrikke_eikeri:0.5,1789786894.8677807,2026-09-19T03:01:34Z
2026-09-19T03:03:08Z,wta,"Seoul, Korea Republic",2026-09-19T05:00:00Z,202609199C4C78E4,12166-34960-2026-37,Alevtina Ibragimova,Rina Saigo,Alevtina Ibragimova,7CD7E91EC3A1,alevtina_ibragimova,DraftKings,Player Games Won,player_games_won,12.5,True,105,-165,0.487805,0.622642,1.110446,0.439287,0.560713,True,12166-34960-2026-37:draftkings:player_games_won:alevtina_ibragimova_over_12_5,12166-34960-2026-37:draftkings:player_games_won:alevtina_ibragimova_under_12_5,alevtina_ibragimova:12.5,1789779605.0164986,2026-09-19T01:00:05Z
2026-09-19T03:03:08Z,wta,"Seoul, Korea Republic",2026-09-19T05:00:00Z,202609199C4C78E4,12166-34960-2026-37,Alevtina Ibragimova,Rina Saigo,Rina Saigo,9334B95612061B14,rina_saigo,DraftKings,Player Games Won,player_games_won,8.5,True,-130,-115,0.565217,0.534884,1.100101,0.513787,0.486213,True,12166-34960-2026-37:draftkings:player_games_won:rina_saigo_over_8_5,12166-34960-2026-37:draftkings:player_games_won:rina_saigo_under_8_5,rina_saigo:8.5,1789779605.016494,2026-09-19T01:00:05Z
2026-09-19T03:03:08Z,wta,"Seoul, Korea Republic",2026-09-19T05:00:00Z,202609199C4C78E4,12166-34960-2026-37,Alevtina Ibragimova,Rina Saigo,Alevtina Ibragimova,7CD7E91EC3A1,alevtina_ibragimova,DraftKings,Player Sets Won,player_sets_won,0.5,True,-900,550,0.900000,0.153846,1.053846,0.854015,0.145985,True,12166-34960-2026-37:draftkings:player_sets_won:alevtina_ibragimova_over_0_5,12166-34960-2026-37:draftkings:player_sets_won:alevtina_ibragimova_under_0_5,alevtina_ibragimova:0.5,1789776194.582414,2026-09-19T00:03:14Z
2026-09-19T03:03:08Z,wta,"Seoul, Korea Republic",2026-09-19T05:00:00Z,202609199C4C78E4,12166-34960-2026-37,Alevtina Ibragimova,Rina Saigo,Rina Saigo,9334B95612061B14,rina_saigo,DraftKings,Player Sets Won,player_sets_won,0.5,True,-105,-135,0.512195,0.574468,1.086663,0.471347,0.528653,True,12166-34960-2026-37:draftkings:player_sets_won:rina_saigo_over_0_5,12166-34960-2026-37:draftkings:player_sets_won:rina_saigo_under_0_5,rina_saigo:0.5,1789779605.0164986,2026-09-19T01:00:05Z
2026-09-19T03:03:08Z,wta,"Seoul, Korea Republic",2026-09-19T03:05:00Z,20260919D965CA46,41921-77778-2026-37,Mai Hontama,Eunhye Lee,Eunhye Lee,942B0E7BF543CCF0,eunhye_lee,DraftKings,Player Games Won,player_games_won,8.5,True,-115,-125,0.534884,0.555556,1.090439,0.490521,0.509479,True,41921-77778-2026-37:draftkings:player_games_won:eunhye_lee_over_8_5,41921-77778-2026-37:draftkings:player_games_won:eunhye_lee_under_8_5,eunhye_lee:8.5,1789776424.6344154,2026-09-19T00:07:04Z
2026-09-19T03:03:08Z,wta,"Seoul, Korea Republic",2026-09-19T03:05:00Z,20260919D965CA46,41921-77778-2026-37,Mai Hontama,Eunhye Lee,Mai Hontama,63C997CF118B,mai_hontama,DraftKings,Player Games Won,player_games_won,12.5,True,110,-165,0.476190,0.622642,1.098832,0.433361,0.566639,True,41921-77778-2026-37:draftkings:player_games_won:mai_hontama_over_12_5,41921-77778-2026-37:draftkings:player_games_won:mai_hontama_under_12_5,mai_hontama:12.5,1789776424.6344154,2026-09-19T00:07:04Z
2026-09-19T03:03:08Z,wta,"Seoul, Korea Republic",2026-09-19T03:05:00Z,20260919D965CA46,41921-77778-2026-37,Mai Hontama,Eunhye Lee,Eunhye Lee,942B0E7BF543CCF0,eunhye_lee,DraftKings,Player Sets Won,player_sets_won,0.5,True,105,-150,0.487805,0.600000,1.087805,0.448430,0.551570,True,41921-77778-2026-37:draftkings:player_sets_won:eunhye_lee_over_0_5,41921-77778-2026-37:draftkings:player_sets_won:eunhye_lee_under_0_5,eunhye_lee:0.5,1789776424.6344154,2026-09-19T00:07:04Z
2026-09-19T03:03:08Z,wta,"Seoul, Korea Republic",2026-09-19T03:05:00Z,20260919D965CA46,41921-77778-2026-37,Mai Hontama,Eunhye Lee,Mai Hontama,63C997CF118B,mai_hontama,DraftKings,Player Sets Won,player_sets_won,0.5,True,-1100,600,0.916667,0.142857,1.059524,0.865169,0.134831,True,41921-77778-2026-37:draftkings:player_sets_won:mai_hontama_over_0_5,41921-77778-2026-37:draftkings:player_sets_won:mai_hontama_under_0_5,mai_hontama:0.5,1789753092.4372654,2026-09-18T17:38:12Z
2026-09-19T03:03:08Z,wta,"Seoul, Korea Republic",2026-09-19T03:15:00Z,20260919DB6A4CD0,25741-37036-2026-37,Carol Zhao,YeXin Ma,Carol Zhao,A5A6418E91B9,carol_zhao,DraftKings,Player Games Won,player_games_won,9.5,True,-130,-115,0.565217,0.534884,1.100101,0.513787,0.486213,True,25741-37036-2026-37:draftkings:player_games_won:carol_zhao_over_9_5,25741-37036-2026-37:draftkings:player_games_won:carol_zhao_under_9_5,carol_zhao:9.5,1789780215.229814,2026-09-19T01:10:15Z
2026-09-19T03:03:08Z,wta,"Seoul, Korea Republic",2026-09-19T03:15:00Z,20260919DB6A4CD0,25741-37036-2026-37,Carol Zhao,YeXin Ma,YeXin Ma,37A9DCA38D3B,yexin_ma,DraftKings,Player Games Won,player_games_won,12.5,True,100,-150,0.500000,0.600000,1.100000,0.454545,0.545455,True,25741-37036-2026-37:draftkings:player_games_won:yexin_ma_over_12_5,25741-37036-2026-37:draftkings:player_games_won:yexin_ma_under_12_5,yexin_ma:12.5,1789780215.2298186,2026-09-19T01:10:15Z
2026-09-19T03:03:08Z,wta,"Seoul, Korea Republic",2026-09-19T03:15:00Z,20260919DB6A4CD0,25741-37036-2026-37,Carol Zhao,YeXin Ma,Carol Zhao,A5A6418E91B9,carol_zhao,DraftKings,Player Sets Won,player_sets_won,0.5,True,-125,-110,0.555556,0.523810,1.079365,0.514706,0.485294,True,25741-37036-2026-37:draftkings:player_sets_won:carol_zhao_over_0_5,25741-37036-2026-37:draftkings:player_sets_won:carol_zhao_under_0_5,carol_zhao:0.5,1789780215.2298186,2026-09-19T01:10:15Z
2026-09-19T03:03:08Z,wta,"Seoul, Korea Republic",2026-09-19T03:15:00Z,20260919DB6A4CD0,25741-37036-2026-37,Carol Zhao,YeXin Ma,YeXin Ma,37A9DCA38D3B,yexin_ma,DraftKings,Player Sets Won,player_sets_won,0.5,True,-750,450,0.882353,0.181818,1.064171,0.829146,0.170854,True,25741-37036-2026-37:draftkings:player_sets_won:yexin_ma_over_0_5,25741-37036-2026-37:draftkings:player_sets_won:yexin_ma_under_0_5,yexin_ma:0.5,1789776174.7044926,2026-09-19T00:02:54Z
2026-09-19T03:03:08Z,wta,"Singapore, Singapore",2026-09-19T05:20:00Z,20260919E0078EC0,31706-38569-2026-37,Joanna Garland,Ellen Perez,Ellen Perez,1DA6AD5F1A83C831,ellen_perez,DraftKings,Player Games Won,player_games_won,5.5,True,-140,-105,0.583333,0.512195,1.095528,0.532468,0.467532,True,31706-38569-2026-37:draftkings:player_games_won:ellen_perez_over_5_5,31706-38569-2026-37:draftkings:player_games_won:ellen_perez_under_5_5,ellen_perez:5.5,1789783174.5770118,2026-09-19T01:59:34Z
2026-09-19T03:03:08Z,wta,"Singapore, Singapore",2026-09-19T05:20:00Z,20260919E0078EC0,31706-38569-2026-37,Joanna Garland,Ellen Perez,Joanna Garland,03E9EEFC9E646F72,joanna_garland,DraftKings,Player Games Won,player_games_won,12.5,True,140,-215,0.416667,0.682540,1.099206,0.379061,0.620939,True,31706-38569-2026-37:draftkings:player_games_won:joanna_garland_over_12_5,31706-38569-2026-37:draftkings:player_games_won:joanna_garland_under_12_5,joanna_garland:12.5,1789783174.5770118,2026-09-19T01:59:34Z
2026-09-19T03:03:08Z,wta,"Singapore, Singapore",2026-09-19T05:20:00Z,20260919E0078EC0,31706-38569-2026-37,Joanna Garland,Ellen Perez,Ellen Perez,1DA6AD5F1A83C831,ellen_perez,DraftKings,Player Sets Won,player_sets_won,0.5,True,225,-330,0.307692,0.767442,1.075134,0.286190,0.713810,True,31706-38569-2026-37:draftkings:player_sets_won:ellen_perez_over_0_5,31706-38569-2026-37:draftkings:player_sets_won:ellen_perez_under_0_5,ellen_perez:0.5,1789783264.4745388,2026-09-19T02:01:04Z
2026-09-19T03:03:08Z,wta,"Singapore, Singapore",2026-09-19T05:20:00Z,20260919E0078EC0,31706-38569-2026-37,Joanna Garland,Ellen Perez,Joanna Garland,03E9EEFC9E646F72,joanna_garland,DraftKings,Player Sets Won,player_sets_won,0.5,True,-5000,1700,0.980392,0.055556,1.035948,0.946372,0.053628,True,31706-38569-2026-37:draftkings:player_sets_won:joanna_garland_over_0_5,31706-38569-2026-37:draftkings:player_sets_won:joanna_garland_under_0_5,joanna_garland:0.5,1789783174.5770118,2026-09-19T01:59:34Z
2026-09-20T03:02:23Z,wta,"Singapore, Singapore",2026-09-20T05:10:00Z,20260920237B2EE3,38569-25511-2026-37,Joanna Garland,Viktoria Morvayova,Joanna Garland,03E9EEFC9E646F72,joanna_garland,DraftKings,Player Games Won,player_games_won,12.5,True,110,-165,0.476190,0.622642,1.098832,0.433361,0.566639,True,38569-25511-2026-37:draftkings:player_games_won:joanna_garland_over_12_5,38569-25511-2026-37:draftkings:player_games_won:joanna_garland_under_12_5,joanna_garland:12.5,1789870615.6641998,2026-09-20T02:16:55Z
2026-09-20T03:02:23Z,wta,"Singapore, Singapore",2026-09-20T05:10:00Z,20260920237B2EE3,38569-25511-2026-37,Joanna Garland,Viktoria Morvayova,Viktoria Morvayova,19820EB4AAEE3B79,viktoria_morvayova,DraftKings,Player Games Won,player_games_won,8.5,True,-110,-135,0.523810,0.574468,1.098278,0.476937,0.523063,True,38569-25511-2026-37:draftkings:player_games_won:viktoria_morvayova_over_8_5,38569-25511-2026-37:draftkings:player_games_won:viktoria_morvayova_under_8_5,viktoria_morvayova:8.5,1789870615.6641998,2026-09-20T02:16:55Z
2026-09-20T03:02:23Z,wta,"Singapore, Singapore",2026-09-20T05:10:00Z,20260920237B2EE3,38569-25511-2026-37,Joanna Garland,Viktoria Morvayova,Joanna Garland,03E9EEFC9E646F72,joanna_garland,DraftKings,Player Sets Won,player_sets_won,0.5,True,-1100,650,0.916667,0.133333,1.050000,0.873016,0.126984,True,38569-25511-2026-37:draftkings:player_sets_won:joanna_garland_over_0_5,38569-25511-2026-37:draftkings:player_sets_won:joanna_garland_under_0_5,joanna_garland:0.5,1789851474.713759,2026-09-19T20:57:54Z
2026-09-20T03:02:23Z,wta,"Singapore, Singapore",2026-09-20T05:10:00Z,20260920237B2EE3,38569-25511-2026-37,Joanna Garland,Viktoria Morvayova,Viktoria Morvayova,19820EB4AAEE3B79,viktoria_morvayova,DraftKings,Player Sets Won,player_sets_won,0.5,True,110,-165,0.476190,0.622642,1.098832,0.433361,0.566639,True,38569-25511-2026-37:draftkings:player_sets_won:viktoria_morvayova_over_0_5,38569-25511-2026-37:draftkings:player_sets_won:viktoria_morvayova_under_0_5,viktoria_morvayova:0.5,1789852274.9709506,2026-09-19T21:11:14Z
2026-09-20T03:02:23Z,wta,"Singapore, Singapore",2026-09-20T04:00:00Z,2026092037DA68E8,32589-42944-2026-37,Anna-Lena Friedsam,Anastasia Kulikova,Anastasia Kulikova,D1AA8672412EAEFC,anastasia_kulikova,DraftKings,Player Games Won,player_games_won,12.5,True,110,-165,0.476190,0.622642,1.098832,0.433361,0.566639,True,32589-42944-2026-37:draftkings:player_games_won:anastasia_kulikova_over_12_5,32589-42944-2026-37:draftkings:player_games_won:anastasia_kulikova_under_12_5,anastasia_kulikova:12.5,1789851554.9513888,2026-09-19T20:59:14Z
2026-09-20T03:02:23Z,wta,"Singapore, Singapore",2026-09-20T04:00:00Z,2026092037DA68E8,32589-42944-2026-37,Anna-Lena Friedsam,Anastasia Kulikova,Anna-Lena Friedsam,672EDFC6B11C,anna-lena_friedsam,DraftKings,Player Games Won,player_games_won,12.5,True,100,-150,0.500000,0.600000,1.100000,0.454545,0.545455,True,32589-42944-2026-37:draftkings:player_games_won:anna-lena_friedsam_over_12_5,32589-42944-2026-37:draftkings:player_games_won:anna-lena_friedsam_under_12_5,anna-lena_friedsam:12.5,1789851495.034492,2026-09-19T20:58:15Z
2026-09-20T03:02:23Z,wta,"Singapore, Singapore",2026-09-20T04:00:00Z,2026092037DA68E8,32589-42944-2026-37,Anna-Lena Friedsam,Anastasia Kulikova,Anastasia Kulikova,D1AA8672412EAEFC,anastasia_kulikova,DraftKings,Player Sets Won,player_sets_won,0.5,True,-240,160,0.705882,0.384615,1.090498,0.647303,0.352697,True,32589-42944-2026-37:draftkings:player_sets_won:anastasia_kulikova_over_0_5,32589-42944-2026-37:draftkings:player_sets_won:anastasia_kulikova_under_0_5,anastasia_kulikova:0.5,1789870745.3172529,2026-09-20T02:19:05Z
2026-09-20T03:02:23Z,wta,"Singapore, Singapore",2026-09-20T04:00:00Z,2026092037DA68E8,32589-42944-2026-37,Anna-Lena Friedsam,Anastasia Kulikova,Anna-Lena Friedsam,672EDFC6B11C,anna-lena_friedsam,DraftKings,Player Sets Won,player_sets_won,0.5,True,-330,215,0.767442,0.317460,1.084902,0.707383,0.292617,True,32589-42944-2026-37:draftkings:player_sets_won:anna-lena_friedsam_over_0_5,32589-42944-2026-37:draftkings:player_sets_won:anna-lena_friedsam_under_0_5,anna-lena_friedsam:0.5,1789851554.9513907,2026-09-19T20:59:14Z
2026-09-20T03:02:23Z,wta,"Seoul, Korea Republic",2026-09-20T04:00:00Z,202609203F56D422,26003-39755-2026-37,Miho Kuramochi,Xinxin Yao,Miho Kuramochi,4AB28E83FBDAE4C9,miho_kuramochi,DraftKings,Player Games Won,player_games_won,10.5,True,-125,-120,0.555556,0.545455,1.101010,0.504587,0.495413,True,26003-39755-2026-37:draftkings:player_games_won:miho_kuramochi_over_10_5,26003-39755-2026-37:draftkings:player_games_won:miho_kuramochi_under_10_5,miho_kuramochi:10.5,1789872964.8224638,2026-09-20T02:56:04Z
2026-09-20T03:02:23Z,wta,"Seoul, Korea Republic",2026-09-20T04:00:00Z,202609203F56D422,26003-39755-2026-37,Miho Kuramochi,Xinxin Yao,Xinxin Yao,B2BD41172A76B1F2,xinxin_yao,DraftKings,Player Games Won,player_games_won,12.5,True,125,-200,0.444444,0.666667,1.111111,0.400000,0.600000,True,26003-39755-2026-37:draftkings:player_games_won:xinxin_yao_over_12_5,26003-39755-2026-37:draftkings:player_games_won:xinxin_yao_under_12_5,xinxin_yao:12.5,1789826874.6503904,2026-09-19T14:07:54Z
2026-09-20T03:02:23Z,wta,"Seoul, Korea Republic",2026-09-20T04:00:00Z,202609203F56D422,26003-39755-2026-37,Miho Kuramochi,Xinxin Yao,Miho Kuramochi,4AB28E83FBDAE4C9,miho_kuramochi,DraftKings,Player Sets Won,player_sets_won,0.5,True,-135,-105,0.574468,0.512195,1.086663,0.528653,0.471347,True,26003-39755-2026-37:draftkings:player_sets_won:miho_kuramochi_over_0_5,26003-39755-2026-37:draftkings:player_sets_won:miho_kuramochi_under_0_5,miho_kuramochi:0.5,1789872964.8224666,2026-09-20T02:56:04Z
2026-09-20T03:02:23Z,wta,"Seoul, Korea Republic",2026-09-20T04:00:00Z,202609203F56D422,26003-39755-2026-37,Miho Kuramochi,Xinxin Yao,Xinxin Yao,B2BD41172A76B1F2,xinxin_yao,DraftKings,Player Sets Won,player_sets_won,0.5,True,-500,320,0.833333,0.238095,1.071429,0.777778,0.222222,True,26003-39755-2026-37:draftkings:player_sets_won:xinxin_yao_over_0_5,26003-39755-2026-37:draftkings:player_sets_won:xinxin_yao_under_0_5,xinxin_yao:0.5,1789872964.8224666,2026-09-20T02:56:04Z
2026-09-20T03:02:23Z,wta,"Seoul, Korea Republic",2026-09-20T04:30:00Z,20260920B3BB0183,12166-34644-2026-37,Alevtina Ibragimova,Sara Saito,Alevtina Ibragimova,7CD7E91EC3A1,alevtina_ibragimova,DraftKings,Player Games Won,player_games_won,12.5,True,110,-165,0.476190,0.622642,1.098832,0.433361,0.566639,True,12166-34644-2026-37:draftkings:player_games_won:alevtina_ibragimova_over_12_5,12166-34644-2026-37:draftkings:player_games_won:alevtina_ibragimova_under_12_5,alevtina_ibragimova:12.5,1789836145.2357347,2026-09-19T16:42:25Z
2026-09-20T03:02:23Z,wta,"Seoul, Korea Republic",2026-09-20T04:30:00Z,20260920B3BB0183,12166-34644-2026-37,Alevtina Ibragimova,Sara Saito,Sara Saito,D50973562939,sara_saito,DraftKings,Player Games Won,player_games_won,9.5,True,-120,-120,0.545455,0.545455,1.090909,0.500000,0.500000,True,12166-34644-2026-37:draftkings:player_games_won:sara_saito_over_9_5,12166-34644-2026-37:draftkings:player_games_won:sara_saito_under_9_5,sara_saito:9.5,1789836145.2357347,2026-09-19T16:42:25Z
2026-09-20T03:02:23Z,wta,"Seoul, Korea Republic",2026-09-20T04:30:00Z,20260920B3BB0183,12166-34644-2026-37,Alevtina Ibragimova,Sara Saito,Alevtina Ibragimova,7CD7E91EC3A1,alevtina_ibragimova,DraftKings,Player Sets Won,player_sets_won,0.5,True,-700,425,0.875000,0.190476,1.065476,0.821229,0.178771,True,12166-34644-2026-37:draftkings:player_sets_won:alevtina_ibragimova_over_0_5,12166-34644-2026-37:draftkings:player_sets_won:alevtina_ibragimova_under_0_5,alevtina_ibragimova:0.5,1789836145.2357452,2026-09-19T16:42:25Z
2026-09-20T03:02:23Z,wta,"Seoul, Korea Republic",2026-09-20T04:30:00Z,20260920B3BB0183,12166-34644-2026-37,Alevtina Ibragimova,Sara Saito,Sara Saito,D50973562939,sara_saito,DraftKings,Player Sets Won,player_sets_won,0.5,True,-115,-120,0.534884,0.545455,1.080338,0.495108,0.504892,True,12166-34644-2026-37:draftkings:player_sets_won:sara_saito_over_0_5,12166-34644-2026-37:draftkings:player_sets_won:sara_saito_under_0_5,sara_saito:0.5,1789836145.2357452,2026-09-19T16:42:25Z
2026-09-20T03:02:23Z,wta,"Singapore, Singapore",2026-09-20T04:00:00Z,20260920D07576E4,16702-19263-2026-37,Nao Hibino,Aoi Ito,Aoi Ito,DED58F833DD7A261,aoi_ito,DraftKings,Player Games Won,player_games_won,12.5,True,-105,-140,0.512195,0.583333,1.095528,0.467532,0.532468,True,16702-19263-2026-37:draftkings:player_games_won:aoi_ito_over_12_5,16702-19263-2026-37:draftkings:player_games_won:aoi_ito_under_12_5,aoi_ito:12.5,1789851504.8879802,2026-09-19T20:58:24Z
2026-09-20T03:02:23Z,wta,"Singapore, Singapore",2026-09-20T04:00:00Z,20260920D07576E4,16702-19263-2026-37,Nao Hibino,Aoi Ito,Nao Hibino,EC210B45F47F,nao_hibino,DraftKings,Player Games Won,player_games_won,12.5,True,110,-165,0.476190,0.622642,1.098832,0.433361,0.566639,True,16702-19263-2026-37:draftkings:player_games_won:nao_hibino_over_12_5,16702-19263-2026-37:draftkings:player_games_won:nao_hibino_under_12_5,nao_hibino:12.5,1789851504.8879802,2026-09-19T20:58:24Z
2026-09-20T03:02:23Z,wta,"Singapore, Singapore",2026-09-20T04:00:00Z,20260920D07576E4,16702-19263-2026-37,Nao Hibino,Aoi Ito,Aoi Ito,DED58F833DD7A261,aoi_ito,DraftKings,Player Sets Won,player_sets_won,0.5,True,-330,225,0.767442,0.307692,1.075134,0.713810,0.286190,True,16702-19263-2026-37:draftkings:player_sets_won:aoi_ito_over_0_5,16702-19263-2026-37:draftkings:player_sets_won:aoi_ito_under_0_5,aoi_ito:0.5,1789851504.8879802,2026-09-19T20:58:24Z
2026-09-20T03:02:23Z,wta,"Singapore, Singapore",2026-09-20T04:00:00Z,20260920D07576E4,16702-19263-2026-37,Nao Hibino,Aoi Ito,Nao Hibino,EC210B45F47F,nao_hibino,DraftKings,Player Sets Won,player_sets_won,0.5,True,-275,195,0.733333,0.338983,1.072316,0.683878,0.316122,True,16702-19263-2026-37:draftkings:player_sets_won:nao_hibino_over_0_5,16702-19263-2026-37:draftkings:player_sets_won:nao_hibino_under_0_5,nao_hibino:0.5,1789851504.8879802,2026-09-19T20:58:24Z
2026-09-20T03:02:23Z,wta,"Singapore, Singapore",2026-09-20T05:10:00Z,20260920F3D910D9,26997-42850-2026-37,Mei Yamaguchi,Kyoka Okamura,Kyoka Okamura,2160A875097E8400,kyoka_okamura,DraftKings,Player Games Won,player_games_won,11.5,True,-120,-120,0.545455,0.545455,1.090909,0.500000,0.500000,True,26997-42850-2026-37:draftkings:player_games_won:kyoka_okamura_over_11_5,26997-42850-2026-37:draftkings:player_games_won:kyoka_okamura_under_11_5,kyoka_okamura:11.5,1789851495.034492,2026-09-19T20:58:15Z
2026-09-20T03:02:23Z,wta,"Singapore, Singapore",2026-09-20T05:10:00Z,20260920F3D910D9,26997-42850-2026-37,Mei Yamaguchi,Kyoka Okamura,Mei Yamaguchi,201B5086C1B01CD9,mei_yamaguchi,DraftKings,Player Games Won,player_games_won,12.5,True,110,-175,0.476190,0.636364,1.112554,0.428016,0.571984,True,26997-42850-2026-37:draftkings:player_games_won:mei_yamaguchi_over_12_5,26997-42850-2026-37:draftkings:player_games_won:mei_yamaguchi_under_12_5,mei_yamaguchi:12.5,1789851484.7418668,2026-09-19T20:58:04Z
2026-09-20T03:02:23Z,wta,"Singapore, Singapore",2026-09-20T05:10:00Z,20260920F3D910D9,26997-42850-2026-37,Mei Yamaguchi,Kyoka Okamura,Kyoka Okamura,2160A875097E8400,kyoka_okamura,DraftKings,Player Sets Won,player_sets_won,0.5,True,-150,105,0.600000,0.487805,1.087805,0.551570,0.448430,True,26997-42850-2026-37:draftkings:player_sets_won:kyoka_okamura_over_0_5,26997-42850-2026-37:draftkings:player_sets_won:kyoka_okamura_under_0_5,kyoka_okamura:0.5,1789832544.7906668,2026-09-19T15:42:24Z
2026-09-20T03:02:23Z,wta,"Singapore, Singapore",2026-09-20T05:10:00Z,20260920F3D910D9,26997-42850-2026-37,Mei Yamaguchi,Kyoka Okamura,Mei Yamaguchi,201B5086C1B01CD9,mei_yamaguchi,DraftKings,Player Sets Won,player_sets_won,0.5,True,-425,290,0.809524,0.256410,1.065934,0.759450,0.240550,True,26997-42850-2026-37:draftkings:player_sets_won:mei_yamaguchi_over_0_5,26997-42850-2026-37:draftkings:player_sets_won:mei_yamaguchi_under_0_5,mei_yamaguchi:0.5,1789842744.6116729,2026-09-19T18:32:24Z
